Год;Квартал;Месяц;brent;gas;eur_usd;cny_usd;inr_usd;jpy_usd;gbr_usd;chf_usd;brl_usd;idr_usd;ff_rate
2000;1;1;25,38;3,36;1,013609524;0,12078434;0,022243451;0,949538799;1,640095238;0,6295;0,554614286;0,000137456;5,45
2000;1;2;27,7048;3,46;0,984514286;0,120800806;0,022339653;0,913322054;1,601461905;0,612571429;0,56327619;0,000134537;5,73
2000;1;3;27,47;3,51;0,965026087;0,120793942;0,022482895;0,940341532;1,581504348;0,601582609;0,574004348;0,000133953;5,85
2000;2;4;22,54;3,68;0,945325;0,120783377;0,022347401;0,946391847;1,58122;0,60119;0,565205;0,000128394;6,02
2000;2;5;27,34;3,55;0,90846087;0,120801494;0,022323287;0,924373862;1,50906087;0,583104348;0,54766087;0,000119977;6,27
2000;2;6;29,6773;3,6;0,94995;0,120813802;0,022223504;0,942055996;1,510668182;0,608895455;0,552886364;0,000116174;6,53
2000;3;7;28,53;3,96;0,939590476;0,120782602;0,022321554;0,925796936;1,508704762;0,60597619;0,556504762;0,000109276;6,54
2000;3;8;29,43;4,01;0,904430435;0,120779226;0,02222225;0,925478291;1,489026087;0,583204348;0,552813043;0,000118567;6,5
2000;3;9;32,621;4,03;0,871009524;0,12079365;0,022313826;0,936296024;1,434590476;0,569514286;0,54432381;0,000115896;6,52
2000;4;10;30,9323;4,31;0,853518182;0,120795029;0,022414671;0,922464577;1,451254545;0,564195455;0,532254545;0,000111892;6,51
2000;4;11;32,52409091;4,39;0,855590909;0,120810883;0,022288436;0,917796754;1,425554545;0,562781818;0,513140909;0,000106949;6,51
2000;4;12;25,1255;4,44;0,901504762;0,120814706;0,022285678;0,891165683;1,466357143;0,595771429;0,509704762;0,000105957;6,4
2001;1;1;25,63636364;4,65;0,938543478;0,120808429;0,021225816;0,85578063;1,477345455;0,613640909;0,511390909;0,000105587;5,98
2001;1;2;27,406;4,59;0,92123;0,120816211;0,02126676;0,860439138;1,45254;0,599685;0,498075;0,000103669;5,49
2001;1;3;24,39545455;4,57;0,908740909;0,120808959;0,021206461;0,82344682;1,444109091;0,591709091;0,478113636;9,79481E-05;5,31
2001;2;4;25,641;4,48;0,89342381;0,120815192;0,02120482;0,80862983;1,436;0,584280952;0,456047619;9,03481E-05;4,8
2001;2;5;28,45047619;4,36;0,874891304;0,120813358;0,021218709;0,821736807;1,427213043;0,570565217;0,436082609;8,87235E-05;4,21
2001;2;6;27,72428571;4,33;0,853766667;0,120816165;0,021246658;0,817150689;1,402719048;0,560480952;0,420838095;8,83966E-05;3,97
2001;3;7;24,53818182;3,75;0,861913636;0,120818313;0,021232697;0,803386768;1,415554545;0,569445455;0,404972727;9,22763E-05;3,77
2001;3;8;25,69782609;3,79;0,902556522;0,120817165;0,021245739;0,824420239;1,438013043;0,595543478;0,39806087;0,000111687;3,65
2001;3;9;25,544;3,79;0,91257;0,120819349;0,021264916;0,842805935;1,465245;0,612365;0,375425;0,00010764;3,07
2001;4;10;20,47826087;3,52;0,906182609;0,120819577;0,021197498;0,824157296;1,452013043;0,612156522;0,365082609;9,92599E-05;2,49
2001;4;11;18,94227273;3,46;0,888222727;0,120818513;0,021191461;0,817133094;1,435822727;0,606054545;0,393295455;9,47134E-05;2,09
2001;4;12;18,60473684;3,4;0,891342857;0,120819084;0,021196455;0,783424949;1,442419048;0,603709524;0,423919048;9,74789E-05;1,82
2002;1;1;19,485;3,06;0,88326087;0,120821631;0,02056541;0,753304461;1,432181818;0,598690909;0,42035;9,62581E-05;1,73
2002;1;2;20,2915;3,03;0,87067;0,120821319;0,020594716;0,749020157;1,423415;0,589295;0,41307;9,77559E-05;1,74
2002;1;3;23,6905;2,97;0,876771429;0,120815609;0,020574322;0,762800898;1,423628571;0,597380952;0,426590476;0,000100956;1,73
2002;2;4;25,65409091;2,81;0,88665;0,120813735;0,020600537;0,764599335;1,443445455;0,604972727;0,431081818;0,000105357;1,75
2002;2;5;25,38727273;2,83;0,917869565;0,120816848;0,020570982;0,791870276;1,460213043;0,630247826;0,403721739;0,000109756;1,75
2002;2;6;24,12789474;2,9;0,95692;0,120815991;0,020570346;0,811573747;1,485555;0,650205;0,36822;0,000114823;1,75
2002;3;7;25,76782609;2,95;0,992834783;0,120819704;0,02057573;0,847584865;1,5576;0,679282609;0,340556522;0,000111518;1,73
2002;3;8;26,63285714;3,01;0,97805;0,120820835;0,020577127;0,840119267;1,537422727;0,668195455;0,323063636;0,000112056;1,74
2002;3;9;28,34238095;3,08;0,98102381;0,12081693;0,02059637;0,827707727;1,556242857;0,669852381;0,300542857;0,000111663;1,75
2002;4;10;27,54869565;3,28;0,981686957;0,12081615;0,020570527;0,806848713;1,557534783;0,670147826;0,263747826;0,000109394;1,75
2002;4;11;24,1847619;3,34;1,00197619;0,120815331;0,020598391;0,82305174;1,571928571;0,682747619;0,278709524;0,000110331;1,34
2002;4;12;28,52095238;3,36;1,021618182;0,120809888;0,020577634;0,821452356;1,588581818;0,697359091;0,275990909;0,000112094;1,24
2003;1;1;31,24666667;3,61;1,062917391;0,120814056;0,021485923;0,842077459;1,618082609;0,727368182;0,291395455;0,000112465;1,24
2003;1;2;32,6485;3,67;1,077735;0,120807526;0,02144309;0,837737133;1,60778;0,734755;0,278305;0,000112434;1,26
2003;1;3;30,33904762;3,74;1,079595238;0,120812829;0,021461835;0,842229069;1,583071429;0,73477619;0,290014286;0,000112087;1,25
2003;2;4;25,016;4,03;1,087427273;0,120814598;0,021489259;0,834592861;1,575172727;0,726186364;0,322890909;0,000113644;1,26
2003;2;5;25,8095;4,04;1,157945455;0,120817783;0,021507437;0,851930426;1,622972727;0,763922727;0,337704545;0,000118748;1,26
2003;2;6;27,54571429;4,05;1,166961905;0,120815331;0,021402842;0,84520102;1,660780952;0,757933333;0,347385714;0,000121571;1,22
2003;3;7;28,39826087;4,04;1,137204348;0,12081285;0,021403695;0,842886346;1,624182609;0,735343478;0,347165217;0,000119991;1,01
2003;3;8;29,82571429;3,98;1,115452381;0,120816304;0,021543873;0,843113979;1,594061905;0,7242;0,333242857;0,000117529;1,03
2003;3;9;27,09818182;3,97;1,125868182;0,120814598;0,021509958;0,870194471;1,613704545;0,728004545;0,342331818;0,00011824;1,01
2003;4;10;29,59043478;3,88;1,170365217;0,120819958;0,021502085;0,913351463;1,678234783;0,755808696;0,350113043;0,000118509;1,01
2003;4;11;28,772;3,9;1,171545;0,120817816;0,021558569;0,916068144;1,69013;0,75153;0,34321;0,000117643;1
2003;4;12;29,92666667;3,97;1,231252174;0,120816975;0,021544097;0,928502639;1,753404348;0,791943478;0,342169565;0,000117826;0,98
2004;1;1;31,1752381;3,87;1,260072727;0,120816999;0,022119321;0,939346223;1,820845455;0,804886364;0,350804762;0,000119265;1
2004;1;2;30,866;3,89;1,26347;0,120814897;0,022086915;0,937449671;1,86813;0,80294;0,341425;0,000118592;1,01
2004;1;3;33,79913043;3,86;1,226604348;0,120816213;0,022071143;0,921982526;1,827808696;0,783208696;0,344417391;0,000116563;1
2004;2;4;33,36227273;3,92;1,199936364;0,120817915;0,022057166;0,929547856;1,805263636;0,772031818;0,344172727;0,00011598;1
2004;2;5;37,91631579;3,95;1,2015;0,120815887;0,022104624;0,892853055;1,789347619;0,780742857;0,322238095;0,000111014;1
2004;2;6;35,19136364;4,01;1,214604545;0,120821631;0,022124992;0,914035529;1,829254545;0,800168182;0,319854545;0,00010643;1,03
2004;3;7;38,37045455;4,28;1,226759091;0,120820569;0,022214922;0,913660946;1,843322727;0,803204545;0,329090909;0,000110655;1,26
2004;3;8;43,03;4,34;1,21915;0,12081964;0,022177199;0,907213683;1,819640909;0,792195455;0,333340909;0,000108086;1,43
2004;3;9;43,38136364;4,41;1,22285;0,12082183;0,022141749;0,908450334;1,793331818;0,792268182;0,345890909;0,000108915;1,61
2004;4;10;49,81809524;4,83;1,250485714;0,120823464;0,022067355;0,919369016;1,807247619;0,810957143;0,350657143;0,000109874;1,76
2004;4;11;43,05363636;4,96;1,300209091;0,12082402;0,022013328;0,955336216;1,86095;0,854790909;0,3585;0,000110964;1,93
2004;4;12;39,64428571;5,01;1,341478261;0,12082402;0,022089299;0,963682338;1,930147826;0,873021739;0,368243478;0,000108367;2,16
2005;1;1;44,28333333;5,46;1,311171429;0,12082402;0,02269632;0,968330425;1,878533333;0,847514286;0,371328571;0,000108657;2,28
2005;1;2;45,557;5,49;1,301825;0,12082402;0,022677895;0,952631164;1,88805;0,83995;0,384755;0,000108116;2,5
2005;1;3;53,08409091;5,52;1,317947826;0,12082402;0,02284332;0,949496146;1,903426087;0,85036087;0,369169565;0,000106583;2,63
2005;2;4;51,85714286;5,86;1,294252381;0,12082402;0,022823633;0,933030627;1,896585714;0,836647619;0,38822381;0,000104651;2,79
2005;2;5;48,66590909;5,89;1,268490909;0,12082402;0,022739114;0,937070712;1,85395;0,8209;0,4087;0,000105486;3
2005;2;6;54,30681818;5,91;1,215840909;0,12082402;0,022709364;0,919957175;1,818359091;0,789863636;0,414618182;0,000103839;3,04
2005;3;7;57,57904762;6,42;1,204919048;0,121651667;0,022639819;0,893358221;1,75187619;0,773052381;0,42117619;0,000101975;3,26
2005;3;8;64,09;6,56;1,230073913;0,12343124;0,022668103;0,904213984;1,794808696;0,79216087;0,42363913;0,000100105;3,5
2005;3;9;62,98181818;6,58;1,224581818;0,123580935;0,022656442;0,899421502;1,807872727;0,790272727;0,436254545;9,76466E-05;3,62
2005;4;10;58,52190476;7,28;1,202895238;0,123622724;0,022733667;0,870670623;1,765019048;0,776833333;0,443161905;9,91706E-05;3,78
2005;4;11;55,535;7,46;1,179654545;0,12371597;0,022770025;0,844444664;1,735586364;0,763427273;0,452504545;9,9664E-05;4
2005;4;12;56,7475;7,49;1,185959091;0,123834212;0,022718217;0,844977425;1,745431818;0,765959091;0,437909091;0,000101566;4,16
2006;1;1;63,57428571;7,96;1,211968182;0,123984053;0,022132422;0,865878459;1,766481818;0,782409091;0,440804545;0,000105553;4,29
2006;1;2;59,923;7,95;1,19407;0,124202934;0,022155375;0,848195808;1,747935;0,766045;0,463305;0,000108061;4,49
2006;1;3;62,25304348;7,99;1,203243478;0,124456698;0,022206765;0,852324079;1,744586957;0,766613043;0,464669565;0,000109204;4,59
2006;2;4;70,44210526;8,24;1,22846;0,124766334;0,02204173;0,855107681;1,769275;0,780305;0,46996;0,000112008;4,79
2006;2;5;70,18727273;8,28;1,27713913;0,124774534;0,02211929;0,894358004;1,869186957;0,820686957;0,460421739;0,000110953;4,94
2006;2;6;68,85772727;8,29;1,26655;0,124897697;0,022225203;0,87220771;1,843486364;0,811913636;0,44525;0,00010678;4,99
2006;3;7;73,89714286;8,58;1,269304762;0,125157352;0,022145819;0,86439974;1,844890476;0,809;0,456590476;0,0001095;5,24
2006;3;8;73,61217391;8,71;1,280882609;0,125413834;0,022170738;0,86238291;1,893504348;0,811665217;0,463786957;0,000109947;5,25
2006;3;9;62,77190476;8,77;1,273009524;0,126052604;0,022232858;0,853461406;1,885790476;0,803766667;0,4614;0,000109201;5,25
2006;4;10;58,38;8,97;1,262218182;0,126542857;0,022245845;0,843167296;1,876736364;0,793895455;0,465445455;0,000109029;5,25
2006;4;11;58,48318182;8,99;1,289068182;0,1271728;0,022081389;0,852646806;1,91235;0,8097;0,463590909;0,000109409;5,25
2006;4;12;62,31473684;8,92;1,320047619;0,127844313;0,022087493;0,85165729;1,963014286;0,8263;0,465442857;0,000110002;5,24
2007;1;1;54,29909091;8,59;1,299726087;0,128364297;0,024101275;0,83072965;1,95873913;0,804773913;0,46763913;0,00011028;5,25
2007;1;2;57,757;8,56;1,308805;0,129002117;0,023995505;0,830628944;1,958715;0,80751;0,476965;0,000110278;5,26
2007;1;3;62,14363636;8,37;1,325013636;0,129227519;0,024419776;0,852596774;1,947736364;0,821209091;0,478931818;0,000109035;5,26
2007;2;4;67,39842105;8;1,351342857;0,129450976;0,024434777;0,84054094;1,987804762;0,82457619;0,492190476;0,000109935;5,25
2007;2;5;67,47608696;7,98;1,350930435;0,130285305;0,024185499;0,827655604;1,983452174;0,818434783;0,504834783;0,000113201;5,25
2007;2;6;71,31619048;8,03;1,342457143;0,131039354;0,024307668;0,81541645;1,987433333;0,811185714;0,51697619;0,00011131;5,25
2007;3;7;77,20409091;8,13;1,372131818;0,132014237;0,024376075;0,823824848;2,0342;0,828418182;0,531281818;0,000110251;5,26
2007;3;8;70,79652174;8,34;1,361930435;0,132046626;0,024099853;0,856429671;2,010795652;0,830817391;0,509643478;0,000106734;5,02
2007;3;9;77,127;8,54;1,39191;0,132936234;0,024076777;0,869029274;2,019585;0,844115;0,52603;0,000107496;4,94
2007;4;10;82,85782609;9,16;1,42336087;0,133291587;0,024430553;0,862950148;2,0454;0,851578261;0,556034783;0,000109889;4,76
2007;4;11;92,52818182;9,47;1,468022727;0,134764757;0,024447692;0,901909933;2,070818182;0,890627273;0,564568182;0,000107936;4,49
2007;4;12;91,45;9,49;1,454919048;0,135727925;0,024211929;0,889379898;2,014628571;0,876795238;0,559695238;0,000106916;4,24
2008;1;1;91,92045455;10,7;1,471808696;0,138055349;0,023514375;0,927248959;1,96993913;0,907978261;0,56343913;0,0001064;3,94
2008;1;2;94,81666667;10,84;1,47597619;0,139540477;0,023256872;0,933659835;1,96397619;0,918290476;0,578557143;0,000108921;2,98
2008;1;3;103,2775;11,04;1,552885714;0,141381919;0,022975942;0,992886716;2,001338095;0,988980952;0,585142857;0,000109011;2,61
2008;2;4;110,1877273;12,19;1,576068182;0,142879576;0,023486309;0,974011837;1,981513636;0,986327273;0,593145455;0,000108646;2,28
2008;2;5;123,9361905;12,38;1,556072727;0,143413899;0,023202455;0,958736041;1,966195455;0,957781818;0,602936364;0,000107835;1,98
2008;2;6;133,0485714;12,63;1,556938095;0,144967392;0,023400876;0,935796296;1,967328571;0,965347619;0,617895238;0,0001077;2
2008;3;7;133,8730435;14,37;1,576508696;0,146267598;0,023747373;0,935844741;1,989465217;0,973117391;0,628595652;0,000109191;2,01
2008;3;8;113,8490476;14,64;1,495304762;0,145925925;0,02336834;0,914087995;1,886633333;0,922490476;0,620266667;0,000109324;2
2008;3;9;99,06409091;14,85;1,436090909;0,146267826;0,023092937;0,938396362;1,799095455;0,901509091;0,556868182;0,00010701;1,81
2008;4;10;72,8426087;15,93;1,328608696;0,146295343;0,02294827;0,999354613;1,690395652;0,875221739;0,459269565;0,000100672;0,97
2008;4;11;53,241;15,81;1,272725;0,146454004;0,023470081;1,033053751;1,52978;0,838945;0,44161;8,66103E-05;0,39
2008;4;12;41,58090909;15,5;1,354465217;0,145917585;0,022973052;1,099246473;1,487052174;0,882647826;0,417186957;8,91616E-05;0,16
2009;1;1;44,86;13,89;1,32825;0,146292618;0,02070121;1,105418237;1,448877273;0,888872727;0,433013636;9,0122E-05;0,15
2009;1;2;43,2425;11,04;1,280195;0,146280597;0,020724748;1,079476753;1,441585;0,859445;0,430845;8,45528E-05;0,22
2009;1;3;46,83909091;10,9;1,307468182;0,146277458;0,020742997;1,023101315;1,419954545;0,866795455;0,432445455;8,45797E-05;0,18
2009;2;4;50,8452381;8,51;1,320159091;0,146390541;0,020728288;1,011306118;1,472259091;0,871586364;0,453831818;9,07571E-05;0,15
2009;2;5;57,94095238;8,09;1,367019048;0,146541043;0,02070722;1,036529523;1,545804762;0,904314286;0,484057143;9,64614E-05;0,18
2009;2;6;68,61681818;7,95;1,401295455;0,146328667;0,020570692;1,035037347;1,637613636;0,925027273;0,510890909;9,82316E-05;0,21
2009;3;7;64,91;6,67;1,408226087;0,146370865;0,02075505;1,05933875;1,638408696;0,927065217;0,518404348;9,90287E-05;0,16
2009;3;8;72,5047619;6,92;1,4267;0,146357792;0,020775181;1,054162956;1,653157143;0,936552381;0,542052381;0,000100338;0,16
2009;3;9;67,68681818;7,13;1,456340909;0,146450805;0,020767397;1,094418237;1,631368182;0,961695455;0,5498;0,000101565;0,15
2009;4;10;73,19409091;7,6;1,481690909;0,14647713;0,020711289;1,106984577;1,619886364;0,978809091;0,57495;0,000105518;0,12
2009;4;11;77,03666667;7,81;1,492628571;0,146467111;0,020759756;1,123292422;1,661004762;0,988528571;0,578671429;0,000105851;0,12
2009;4;12;74,66954545;8,01;1,456947826;0,146457266;0,020709718;1,110705618;1,621934783;0,970526087;0,570891304;0,000105804;0,12
2010;1;1;76,373;8,8;1,427390476;0,146470584;0,021837353;1,096302613;1,61612381;0,967171429;0,562233333;0,00010782;0,11
2010;1;2;74,312;8,8;1,36842;0,146429418;0,02181783;1,108614571;1,562625;0,9332;0,54314;0,000107105;0,13
2010;1;3;79,27478261;8,93;1,35736087;0,146491311;0,021941664;1,102350219;1,505947826;0,938082609;0,560165217;0,000109094;0,16
2010;2;4;84,97857143;7,52;1,34265;0,146504147;0,021969819;1,070060963;1,5337;0,936054545;0,569377273;0,000110769;0,2
2010;2;5;76,25095238;7,27;1,253519048;0,146461805;0,022028195;1,088239815;1,465138095;0,883271429;0,55142381;0,000109095;0,2
2010;2;6;74,83818182;7,74;1,221022727;0,146652356;0,02198929;1,101298388;1,475713636;0,888295455;0,553154545;0,000109449;0,18
2010;3;7;74,73545455;8,04;1,280154545;0,147568735;0,021893408;1,14200165;1,530009091;0,949559091;0,565340909;0,000110611;0,18
2010;3;8;76,69318182;8,45;1,289722727;0,147326049;0,021930916;1,171368043;1,565231818;0,962295455;0,5686;0,000111459;0,19
2010;3;9;77,78681818;8,28;1,309154545;0,148317435;0,021863029;1,18494081;1,557277273;0,998977273;0,581931818;0,000111363;0,19
2010;4;10;82,91809524;8,29;1,39017619;0,149960294;0,021902834;1,222747625;1,585914286;1,032371429;0,594061905;0,000112009;0,19
2010;4;11;85,67;8,59;1,36415;0,150304549;0,021947825;1,211162437;1,5955;1,015254545;0,584122727;0,000111835;0,19
2010;4;12;91,79652174;8,74;1,322713043;0,150446547;0,02197164;1,2013834;1,55996087;1,034243478;0,590934783;0,000110833;0,18
2011;1;1;96,29428571;9,61;1,33722381;0,151549603;0,021763896;1,210223425;1,578766667;1,0453;0,597190476;0,000110682;0,17
2011;1;2;103,9555;9,36;1,36616;0,152047604;0,021686002;1,210962622;1,613575;1,053505;0,5997;0,000112154;0,16
2011;1;3;114,4413043;9,37;1,401873913;0,152319194;0,021835718;1,225119909;1,616013043;1,088795652;0,603156522;0,000114166;0,14
2011;2;4;123,07;10,36;1,447109524;0,153203086;0,021904872;1,202438396;1,638457143;1,115857143;0,632066667;0,000115635;0,1
2011;2;5;114,4581818;10,3;1,4325;0,153947857;0,021668481;1,232165515;1,6339;1,145286364;0,619968182;0,00011685;0,09
2011;2;6;113,7577273;10,26;1,440045455;0,154440427;0,021683242;1,242815973;1,621927273;1,190259091;0,630286364;0,000116774;0,09
2011;3;7;116,46;10,99;1,429433333;0,154837878;0,021577572;1,261361464;1,615552381;1,217128571;0,640047619;0,000117244;0,07
2011;3;8;110,0813043;10,81;1,43393913;0,156146126;0,021711614;1,297095527;1,636052174;1,281613043;0,6266;0,000117292;0,1
2011;3;9;110,8790909;10,85;1,375172727;0,156520361;0,021481247;1,300981017;1,577345455;1,146777273;0,572804545;0,00011465;0,08
2011;4;10;109,4685714;11,42;1,372542857;0,156970009;0,0216677;1,30400066;1,577133333;1,115919048;0,565485714;0,000112812;0,07
2011;4;11;110,5040909;11,32;1,355327273;0,157310028;0,021774686;1,289600039;1,580072727;1,100995455;0,558854545;0,00011114;0,08
2011;4;12;107,9090476;11,53;1,314763636;0,157543771;0,021508677;1,28463344;1,55865;1,071186364;0,543431818;0,000110461;0,07
2012;1;1;111,1561905;11,45;1,291018182;0,158309196;0,019066473;1,299717067;1,5522;1,066622727;0,559340909;0,000110451;0,08
2012;1;2;119,702381;11,12;1,323761905;0,158726152;0,019057714;1,272806525;1,580485714;1,096661905;0,582314286;0,000111144;0,1
2012;1;3;124,9286364;11,97;1,32135;0,158393816;0,018857418;1,211693733;1,583104545;1,095377273;0,557727273;0,00010939;0,13
2012;2;4;120,4635;11,42;1,316366667;0,158567243;0,018635124;1,230321022;1,60067619;1,095052381;0,539390476;0,000109137;0,14
2012;2;5;110,5217391;11,64;1,278826087;0,158087392;0,018733955;1,25482149;1,590847826;1,064573913;0,504313043;0,000108083;0,16
2012;2;6;95,58904762;11,49;1,254752381;0,157138569;0,018771151;1,260278005;1,555971429;1,044809524;0,487709524;0,000106318;0,16
2012;3;7;103,1409091;11,13;1,229295455;0,156961538;0,018803952;1,266230908;1,55985;1,023468182;0,493031818;0,000106021;0,16
2012;3;8;113,34;11,18;1,240373913;0,157241058;0,018960648;1,271013992;1,571852174;1,032626087;0,493095652;0,00010535;0,13
2012;3;9;113,3825;11,08;1,28738;0,158196479;0,018984716;1,279424729;1,61137;1,064595;0,49324;0,000104674;0,14
2012;4;10;111,9734783;11,58;1,296973913;0,15963415;0,018807874;1,265781481;1,607247826;1,072182609;0,492504348;0,00010424;0,16
2012;4;11;109,7118182;11,83;1,283840909;0,160420593;0,018607672;1,233955457;1,596413636;1,065177273;0,483436364;0,000103979;0,16
2012;4;12;109,6765;11,79;1,312709524;0,160410601;0,018722374;1,192115219;1,614561905;1,085995238;0,481319048;0,000103783;0,16
2013;1;1;112,9736364;11,87;1,330204348;0,160720478;0,017550776;1,122639074;1,597426087;1,082352174;0,492804348;0,000103607;0,14
2013;1;2;116,5195;11,77;1,333895;0,160435081;0,016968261;1,073897806;1,54657;1,085125;0,506675;0,000103302;0,15
2013;1;3;109,24;11,87;1,295647619;0,160882987;0,017066853;1,054112086;1,508261905;1,056547619;0,503814286;0,000103002;0,14
2013;2;4;102,8754545;12,88;1,302545455;0,161639504;0,01712217;1,023408996;1,530945455;1,067686364;0,499359091;0,000102853;0,15
2013;2;5;103,0269565;12,29;1,297821739;0,162840922;0,017053705;0,990443538;1,528817391;1,045704348;0,490447826;0,000102496;0,11
2013;2;6;103,11;11,92;1,32008;0,163013205;0,01714671;1,028197083;1,54973;1,071845;0,46011;0,000101308;0,09
2013;3;7;107,716087;11,6;1,309491304;0,163021309;0,017477298;1,003654278;1,518717391;1,059173913;0,444417391;9,93098E-05;0,09
2013;3;8;110,9645455;11,64;1,331922727;0,163354833;0,017459994;1,022522693;1,550536364;1,08035;0,426468182;9,50067E-05;0,08
2013;3;9;111,6214286;11,25;1,336180952;0,163389671;0,016994466;1,008166644;1,587409524;1,083352381;0,441380952;8,83012E-05;0,08
2013;4;10;109,4786957;11,37;1,363904348;0,163830044;0,017153234;1,022219039;1,609091304;1,107326087;0,45653913;8,81637E-05;0,09
2013;4;11;108,0761905;11,42;1,349757143;0,164116502;0,017175355;0,999023414;1,611466667;1,095742857;0,435057143;8,61497E-05;0,08
2013;4;12;110,674;11,55;1,37035;0,164625356;0,017042306;0,965303369;1,638236364;1,118931818;0,426036364;8,2748E-05;0,09
2014;1;1;107,42;11,59;1,362217391;0,165246121;0,016406905;0,962760968;1,647291304;1,107078261;0,419969565;8,22534E-05;0,07
2014;1;2;108,81;11,3;1,36697;0,164444348;0,016491798;0,979250499;1,65658;1,11925;0,420145;8,39385E-05;0,07
2014;1;3;107,4;10,88;1,382614286;0,161992583;0,016361731;0,976971564;1,661671429;1,135519048;0,429890476;8,75979E-05;0,08
2014;2;4;107,79;10,73;1,381086364;0,160643574;0,016427669;0,975547004;1,674913636;1,132504545;0,448213636;8,74889E-05;0,09
2014;2;5;109,68;10,2;1,373327273;0,160293345;0,016382724;0,981952482;1,684081818;1,125122727;0,450222727;8,66896E-05;0,09
2014;2;6;111,87;9,77;1,360066667;0,160481083;0,016347417;0,979750342;1,691695238;1,116661905;0,447657143;8,40951E-05;0,1
2014;3;7;106,98;9,27;1,353843478;0,161314573;0,01637101;0,982750018;1,707517391;1,113969565;0,44973913;8,57698E-05;0,09
2014;3;8;101,92;9,14;1,331457143;0,162490686;0,01644682;0,971124408;1,669871429;1,098942857;0,441214286;8,53986E-05;0,09
2014;3;9;97,34;9,24;1,289540909;0,162895036;0,016508647;0,931450396;1,6306;1,067668182;0,428472727;8,40601E-05;0,09
2014;4;10;87,27;9,77;1,268213043;0,163253059;0,016383893;0,925884735;1,607552174;1,049778261;0,408243478;8,23643E-05;0,09
2014;4;11;78,44;8,9;1,247465;0,163239281;0,016400918;0,859244162;1,577375;1,037365;0,39207;8,21912E-05;0,09
2014;4;12;62,33;9,83;1,230647826;0,161537662;0,016387415;0,83732203;1,562947826;1,023404348;0,377956522;8,04504E-05;0,12
2015;1;1;48,07;9,25;1,162981818;0,160822961;0,015547986;0,845098176;1,5158;1,065104545;0,379613636;7,95442E-05;0,11
2015;1;2;57,93;8,27;1,13533;0,159944305;0,015645421;0,841980342;1,533495;1,068295;0,35481;7,83702E-05;0,11
2015;1;3;55,79;8,27;1,082904545;0,160280357;0,015653367;0,830803936;1,496886364;1,021136364;0,318381818;7,65328E-05;0,11
2015;2;4;59,39;6,774445667;1,081877273;0,161250338;0,015564329;0,836682372;1,496145455;1,041609091;0,32875;7,72441E-05;0,12
2015;2;5;64,56;6,683997311;1,115842857;0,161190721;0,015715171;0,827628745;1,545542857;1,07247619;0,327133333;7,6152E-05;0,12
2015;2;6;62,34;6,66672593;1,123559091;0,161139167;0,015738168;0,80855717;1,558736364;1,074213636;0,321540909;7,51512E-05;0,13
2015;3;7;55,87;6,694037135;1,099973913;0,161066359;0,015529866;0,810900339;1,555991304;1,047695652;0,310404348;7,47667E-05;0,13
2015;3;8;46,99;6,345737583;1,114504762;0,15777908;0,015574474;0,812846093;1,557928571;1,032819048;0,284766667;7,25385E-05;0,14
2015;3;9;47,24;6,27869866;1,12375;0,157019624;0,01560076;0,83272002;1,533272727;1,028854545;0,256654545;6,94087E-05;0,14
2015;4;10;48,12;6,026957821;1,121877273;0,157485471;0,015595664;0,832230829;1,533168182;1,031563636;0,258063636;7,26468E-05;0,12
2015;4;11;44,42;5,500833851;1,072985714;0,156956366;0,015485706;0,815442938;1,519304762;0,990228571;0,264671429;7,3123E-05;0,12
2015;4;12;37,72;5,092762983;1,089952174;0,154938538;0,01567124;0,822488524;1,498091304;1,006613043;0,257982609;7,229E-05;0,24
2016;1;1;30,8;4,398186275;1,086742857;0,152211504;0,014897596;0,845363486;1,44042381;0,993190476;0,24697619;7,20142E-05;0,34
2016;1;2;33,2;3,968378589;1,110490476;0,152691499;0,014891636;0,872499529;1,431328571;1,008409524;0,252166667;7,40271E-05;0,38
2016;1;3;39,07;3,910180243;1,1142;0,153741831;0,014938948;0,885416889;1,425386957;1,019395652;0,270947826;7,57776E-05;0,36
2016;2;4;42,25;3,97007509;1,134014286;0,15438476;0,014967987;0,912818439;1,431342857;1,037233333;0,281614286;7,59206E-05;0,37
2016;2;5;47,13;4,329191865;1,129881818;0,153132128;0,014936098;0,917643848;1,452390909;1,021463636;0,282609091;7,45466E-05;0,37
2016;2;6;48,48;4,755720467;1,1242;0,151707712;0,014961371;0,948639739;1,421054545;1,031795455;0,292868182;7,49811E-05;0,38
2016;3;7;45,07;4,674737691;1,106414286;0,149732975;0,014949228;0,961070436;1,31477619;1,018404762;0,304995238;7,62527E-05;0,39
2016;3;8;46,14;4,04748993;1,120556522;0,150402777;0,0149348;0,987191751;1,31046087;1,029295652;0,311704348;7,59877E-05;0,4
2016;3;9;46,19;4,25361417;1,121336364;0,149875481;0,014920744;0,982076362;1,314859091;1,026872727;0,307518182;7,62817E-05;0,4
2016;4;10;49,73;5,336818883;1,102442857;0,148563683;0,014930189;0,963013091;1,233461905;1,013047619;0,313828571;7,68158E-05;0,4
2016;4;11;46,44;5,693179501;1,0786;0,146102163;0,014919494;0,921610205;1,244145455;1,003381818;0,299559091;7,51222E-05;0,41
2016;4;12;54,07;5,423501422;1,053877273;0,144429343;0,014926944;0,861299651;1,24735;0,980345455;0,298763636;7,45782E-05;0,54
2017;1;1;54,89;6,144349255;1,063145455;0,145020527;0,015383655;0,870305792;1,235336364;0,992131818;0,312822727;7,48183E-05;0,65
2017;1;2;55,49;6,051583645;1,064085;0,145503095;0,015268499;0,885004716;1,248875;0,998325;0,32231;7,49746E-05;0,66
2017;1;3;51,97;5,000945077;1,068747826;0,145004778;0,015262309;0,885783138;1,234743478;0,997752174;0,319886957;7,49457E-05;0,79
2017;2;4;52,98;5,010913918;1,071655;0,14513452;0,015416716;0,908810163;1,264385;0,999075;0,318655;7,51803E-05;0,9
2017;2;5;50,87;5,058435978;1,105686957;0,145245795;0,015397987;0,891003337;1,292213043;1,014113043;0,312065217;7,5063E-05;0,91
2017;2;6;46,89;4,886766786;1,123795455;0,146872056;0,015288182;0,901246559;1,281213636;1,033304545;0,303422727;7,51501E-05;1,04
2017;3;7;48,69;5,003920832;1,153214286;0,147659576;0,015394772;0,889896753;1,299890476;1,041509524;0,312585714;7,49269E-05;1,15
2017;3;8;51,37;5,476601182;1,181830435;0,149949635;0,015410555;0,910432175;1,2957;1,035943478;0,317221739;7,49457E-05;1,16
2017;3;9;55,16;5,961149972;1,190633333;0,152212829;0,015254241;0,902637296;1,331552381;1,038957143;0,319138095;7,51487E-05;1,15
2017;4;10;57,62;6,176320349;1,175481818;0,150905978;0,015261197;0,885482886;1,32015;1,018236364;0,313181818;7,39224E-05;1,15
2017;4;11;62,57;6,69459904;1,174418182;0,151017696;0,015407728;0,886417322;1,323077273;1,008768182;0,306663636;7,39234E-05;1,16
2017;4;12;64,21;7,138933614;1,183647619;0,151703675;0,015403958;0,885533125;1,340342857;1,01317619;0,303347619;7,37519E-05;1,3
2018;1;1;68,99;6,662255013;1,219191304;0,155537011;0,014814674;0,901248282;1,381434783;1,040586957;0,311347826;7,4699E-05;1,41
2018;1;2;65,42;6,718749767;1,234335;0,158134492;0,014852629;0,92719329;1,39638;1,069925;0,307845;7,35254E-05;1,42
2018;1;3;66,45;6,69738764;1,233595455;0,158218907;0,014647521;0,942590909;1,397627273;1,054659091;0,304954545;7,26757E-05;1,51
2018;2;4;71,63;6,927858202;1,227361905;0,158763203;0,014663696;0,929254762;1,40702381;1,032461905;0,293366667;7,2419E-05;1,69
2018;2;5;76,65;7,487354057;1,181256522;0,156906167;0,014693716;0,911536957;1,34616087;1,002808696;0,275504348;7,12435E-05;1,7
2018;2;6;75,19;7,448942844;1,167238095;0,154619967;0,01468009;0,907978571;1,328566667;1,009980952;0,264333333;7,13999E-05;1,82
2018;3;7;74,44;7,59883923;1,168613636;0,148904269;0,014639002;0,897081818;1,316995455;1,005563636;0,261581818;6,94038E-05;1,91
2018;3;8;73,13;8,084909938;1,154743478;0,146030021;0,014781623;0,900558696;1,287856522;1,012243478;0,254752174;6,86651E-05;1,91
2018;3;9;78,86;9,521577031;1,166085;0,145867279;0,014799401;0,89238;1,305775;1,032645;0,24341;6,72587E-05;1,95
2018;4;10;80,47;8,79096073;1,148091304;0,144489317;0,014512823;0,886504348;1,30086087;1,005921739;0,265808696;6,58969E-05;2,19
2018;4;11;65,17;8,265079013;1,136236364;0,144110598;0,01454312;0,882027273;1,289740909;0,999154545;0,264068182;6,82356E-05;2,2
2018;4;12;56,46;7,97624238;1,137438095;0,145241557;0,014648365;0,891571429;1,266152381;1,008109524;0,257171429;6,89738E-05;2,27
2019;1;1;59,27;7,262343233;1,142169565;0,14723224;0,014215588;0,917408696;1,28986087;1,010921739;0,267352174;7,06003E-05;2,4
2019;1;2;64,13;6,005797122;1,1348;0,148379606;0,014253968;0,905225;1,30111;0,997975;0,268565;7,12821E-05;2,4
2019;1;3;66,41;5,178735674;1,129961905;0,14891792;0,014250367;0,899719048;1,317631044;0,999829209;0,260457143;7,03815E-05;2,41
2019;2;4;71,2;4,92218082;1,123140909;0,148863636;0,014215962;0,895231818;1,30327355;0,991703428;0,256559091;7,07325E-05;2,42
2019;2;5;70,53;4,341055294;1,118256522;0,145852174;0,014222656;0,909182609;1,284307371;0,989644445;0,250273913;6,95127E-05;2,39
2019;2;6;63,3;3,588006512;1,129395;0,14491;0,014142916;0,925215;1,267796518;1,012454401;0,25914;7,02404E-05;2,38
2019;3;7;64;3,620371406;1,121156522;0,14536087;0,014253128;0,923673913;1,246587867;1,012331;0,264382609;7,11574E-05;2,4
2019;3;8;59,25;3,67677516;1,112127273;0,141527273;0,014187007;0,941268182;1,215432566;1,021656963;0,24835;7,01998E-05;2,13
2019;3;9;62,33;4,205255685;1,100604762;0,140466667;0,014221371;0,930038095;1,235742693;1,009523807;0,242585714;7,09085E-05;2,04
2019;4;10;59,37;5,057217858;1,10553913;0,140908696;0,014238051;0,924365217;1,266147673;1,007088469;0,244717391;7,09158E-05;1,83
2019;4;11;62,74;5,150004217;1,10457619;0,1424;0,014208322;0,918042857;1,288596238;1,006988406;0,240404762;7,11546E-05;1,55
2019;4;12;65,85;4,620472212;1,111195455;0,142568182;0,014241736;0,916422727;1,310016277;1,018294801;0,24355;7,15137E-05;1,55
2020;1;1;63,6;3,633384347;1,110226087;0,144417391;0,013498;0,914995652;1,308642255;1,031667773;0,241156522;7,29152E-05;1,55
2020;1;2;55;2,907773641;1,09036;0,142895;0,013557273;0,9087;1,295683948;1,024323932;0,22988;7,27675E-05;1,58
2020;1;3;32,98;2,718868382;1,106122727;0,142368182;0,0135;0,928881818;1,236186495;1,044213942;0,204659091;6,98477E-05;0,65
2020;2;4;23,34;2,120318667;1,087018182;0,141354545;0,013526667;0,927572727;1,242100808;1,03079762;0,188186364;6,98185E-05;0,05
2020;2;5;31,02;1,575164978;1,090452381;0,140728571;0,013512;0,93247619;1,229687944;1,031714509;0,177809524;6,98185E-05;0,05
2020;2;6;39,93;1,752171112;1,125595455;0,141154545;0,013530909;0,929290909;1,252921187;1,050803459;0,192809091;7,04158E-05;0,08
2020;3;7;42,81;1,801035496;1,147121739;0,142682609;0,013505;0,936934783;1,268726553;1,071598657;0,189304348;6,89319E-05;0,09
2020;3;8;44,26;2,861896677;1,182809524;0,144319048;0,013477;0,942885714;1,313839317;1,098824794;0,183180952;6,8163E-05;0,1
2020;3;9;41,09;3,952139463;1,178531818;0,146745455;0,013535455;0,946813636;1,295800098;1,093025206;0,185071429;6,75387E-05;0,09
2020;4;10;40,47;4,889590408;1,176522727;0,148622727;0,013503636;0,950386364;1,298040454;1,095913346;0,177504762;6,80216E-05;0,09
2020;4;11;43,23;4,835839005;1,183533333;0,151385714;0,013516667;0,957557143;1,321937387;1,097897434;0,184128571;7,03038E-05;0,09
2020;4;12;49,87;5,856106296;1,217134783;0,15286087;0,013486;0,9636;1,345411375;1,125988215;0,194318182;7,08689E-05;0,09
2021;1;1;54,55;7,268301749;1,217204762;0,15447619;0,013553636;0,963966667;1,364584327;1,127680645;0,186833333;7,12235E-05;0,09
2021;1;2;61,96;6,158507167;1,209275;0,15473;0,013548;0,94897;1,386940596;1,114217728;0,184742105;7,09796E-05;0,08
2021;1;3;65,19;6,127069579;1,18983913;0,153547826;0,013573;0,919708696;1,386311121;1,075764229;0,177134783;6,93948E-05;0,07
2021;2;4;64,77;7,146816288;1,196940909;0,153354545;0,013569;0,917077273;1,384441274;1,085223961;0,179681818;6,86004E-05;0,07
2021;2;5;68,04;8,908756924;1,214652381;0,155514286;0,013553636;0,916042857;1,409033972;1,108148969;0,188766667;6,97223E-05;0,06
2021;2;6;73,07;10,30105101;1,203813636;0,1556;0,013528889;0,90775;1,402201086;1,10132124;0,19895;6,95062E-05;0,08
2021;3;7;74,39;12,50994243;1,182295455;0,154395455;0,013539091;0,907022727;1,381476543;1,090320586;0,19382381;6,87454E-05;0,1
2021;3;8;70,02;15,42647594;1,176545455;0,154372727;0,013510909;0,910281818;1,379864189;1,093552178;0,190418182;6,93848E-05;0,09
2021;3;9;74,6;22,84059608;1,176363636;0,154827273;0,013535;0,907631818;1,37310853;1,083736492;0,189522727;6,99723E-05;0,08
2021;4;10;83,65;31,05246637;1,159766667;0,155738095;0,01354;0,883609524;1,369396464;1,083669737;0,180538095;7,03777E-05;0,08
2021;4;11;80,77;27,62343201;1,140704545;0,156481818;0,013543;0,876686364;1,345341632;1,084766187;0,179940909;6,98527E-05;0,08
2021;4;12;74,31;38,02711984;1,130504348;0,15696087;0,013501818;0,877613043;1,332095121;1,086752303;0,176865217;0,00006971;0,08
2022;1;1;85,53;28,26067332;1,131619048;0,157319048;0,0128;0,87052381;1,35581578;1,08819416;0,180990476;6,96723E-05;0,08
2022;1;2;95,76;27,22971591;1,13423;0,15762;0,01279;0,867765;1,354007421;1,084305758;0,192625;6,96275E-05;0,08
2022;1;3;115,59;42,3929708;1,101421739;0,157569565;0,01288;0,84286087;1,316721493;1,076138644;0,201291304;6,96707E-05;0,2
2022;2;4;105,78;32,20418723;1,079919048;0,155466667;0,01281;0,79117619;1,293515377;1,057841025;0,210847619;6,94352E-05;0,33
2022;2;5;112,37;29,17072267;1,058059091;0,149272727;0,012752222;0,776454545;1,245421478;1,021528272;0,202090909;6,85222E-05;0,77
2022;2;6;120,08;33,55773104;1,05615;0,149309091;0,012778182;0,745536364;1,231984576;1,031212122;0,197872727;6,79823E-05;1,21
2022;3;7;108,92;51,33003047;1,01812381;0,148466667;0,012735455;0,73177619;1,200068429;1,032007635;0,186285714;6,67062E-05;1,68
2022;3;8;98,6;70,0436398;1,012152174;0,147026087;0,012758;0,738826087;1,197902691;1,044475273;0,194369565;6,74052E-05;2,33
2022;3;9;90,16;59,10262225;0,989704545;0,142513636;0,012735;0,698240909;1,132412168;1,027559079;0,190981818;6,66415E-05;2,56
2022;4;10;93,13;39,02204994;0,984019048;0,13902381;0,012852;0,679657143;1,131047928;1,004659683;0,190338095;6,47642E-05;3,08
2022;4;11;91,07;35,72328224;1,021013636;0,139381818;0,012754545;0,704290909;1,175658266;1,038308219;0,189590909;6,38373E-05;3,78
2022;4;12;80,9;36,04426004;1,058845455;0,143386364;0,01271;0,7414;1,217090288;1,073125388;0,190538095;6,42115E-05;4,1
2023;1;1;83,09;20,18397092;1,077590909;0,147209091;0,012093;0,767022727;1,22385937;1,082349055;0,192581818;6,55844E-05;4,33
2023;1;2;82,71;16,53713728;1,07012;0,146165;0,012122;0,751285;1,208134423;1,080473881;0,193135;6,59533E-05;4,57
2023;1;3;78,53;13,81207686;1,07106087;0,14503913;0,01212;0,748226087;1,214527071;1,080700388;0,192173913;6,53989E-05;4,65
2023;2;4;84,11;13,52052962;1,09637;0,145155;0,01211;0,749125;1,245176668;1,113579803;0,19937;6,72348E-05;4,83
2023;2;5;75,7;10,108756;1,086113043;0,143078261;0,012118182;0,728717391;1,248080491;1,114409066;0,200782609;6,73748E-05;5,06
2023;2;6;74,89;10,35062474;1,084395455;0,139595455;0,012093636;0,707077273;1,263834286;1,111168207;0,206236364;6,69104E-05;5,08
2023;3;7;80,1;9,54528399;1,105547619;0,1391;0,012101;0,70917619;1,288881329;1,145329722;0,208195238;6,64108E-05;5,12