Date,1,0,2
2015-01-01,200.0,0.0,0.0
2015-01-02,101200.0,0.0,920000.0
2015-01-03,184900.0,0.0,1943200.0
2015-01-04,66200.0,0.0,1872600.0
2015-01-05,125400.0,0.0,0.0
2015-01-06,136700.0,0.0,0.0
2015-01-07,403800.0,0.0,0.0
2015-01-08,459300.0,100.0,0.0
2015-01-09,120100.0,7100.0,466800.0
2015-01-10,410600.0,44100.0,1357100.0
2015-01-11,69100.0,130300.0,1198800.0
2015-01-12,557100.0,364900.0,1194300.0
2015-01-13,210100.0,311700.0,1022300.0
2015-01-14,115800.0,363200.0,1035000.0
2015-01-15,468600.0,425000.0,1738800.0
2015-01-16,466700.0,289400.0,1576400.0
2015-01-17,142300.0,153100.0,1350400.0
2015-01-18,88500.0,38600.0,504000.0
2015-01-19,135100.0,331300.0,670000.0
2015-01-20,134300.0,501900.0,1290600.0
2015-01-21,97500.0,283800.0,1397700.0
2015-01-22,73600.0,108000.0,1452700.0
2015-01-23,331000.0,325500.0,1303000.0
2015-01-24,142200.0,62800.0,1062400.0
2015-01-25,136600.0,0.0,1152400.0
2015-01-26,164800.0,193500.0,1718400.0
2015-01-27,152000.0,230000.0,1338000.0
2015-01-28,198900.0,265000.0,749200.0
2015-01-29,211400.0,240000.0,0.0
2015-01-30,1335800.0,866600.0,1549000.0
2015-01-31,471100.0,56700.0,1091100.0
2015-02-01,161000.0,0.0,1257000.0
2015-02-02,295300.0,337600.0,834100.0
2015-02-03,94400.0,342400.0,1013900.0
2015-02-04,122900.0,329300.0,0.0
2015-02-05,146900.0,383400.0,1262500.0
2015-02-06,122900.0,490800.0,1677800.0
2015-02-07,79800.0,255300.0,0.0
2015-02-08,128600.0,0.0,0.0
2015-02-09,77000.0,398700.0,0.0
2015-02-10,55600.0,445500.0,1701800.0
2015-02-11,393400.0,396800.0,1607700.0
2015-02-12,245100.0,288800.0,1390500.0
2015-02-13,440500.0,499000.0,1435900.0
2015-02-14,153600.0,45000.0,1296000.0
2015-02-15,145700.0,4700.0,820000.0
2015-02-16,170100.0,489600.0,575000.0
2015-02-17,214600.0,782500.0,1575700.0
2015-02-18,147500.0,378200.0,1643200.0
2015-02-19,126900.0,470700.0,1347200.0
2015-02-20,174100.0,376400.0,1808300.0
2015-02-21,134900.0,54800.0,0.0
2015-02-22,39400.0,0.0,0.0
2015-02-23,0.0,0.0,0.0
2015-02-24,105600.0,386800.0,1331600.0
2015-02-25,80400.0,623700.0,1105400.0
2015-02-26,81600.0,386800.0,1545000.0
2015-02-27,699900.0,398200.0,1000000.0
2015-02-28,386600.0,55000.0,1211400.0
2015-03-01,239400.0,0.0,1319800.0
2015-03-02,57400.0,1142900.0,1256600.0
2015-03-03,321500.0,712500.0,976100.0
2015-03-04,221500.0,564700.0,906000.0
2015-03-05,107400.0,660700.0,965000.0
2015-03-06,165200.0,628300.0,1245000.0
2015-03-07,68900.0,69900.0,1814000.0
2015-03-08,159500.0,0.0,1154000.0
2015-03-09,800.0,0.0,977100.0
2015-03-10,510800.0,364500.0,45600.0
2015-03-11,239800.0,413800.0,0.0
2015-03-12,37300.0,432600.0,0.0
2015-03-13,582800.0,560200.0,0.0
2015-03-14,252300.0,97800.0,0.0
2015-03-15,79400.0,1000.0,1079300.0
2015-03-16,137600.0,313600.0,1322300.0
2015-03-17,204900.0,596800.0,1293400.0
2015-03-18,127200.0,455100.0,1321900.0
2015-03-19,79100.0,417100.0,1638100.0
2015-03-20,128200.0,356400.0,1823400.0
2015-03-21,74300.0,115000.0,1384500.0
2015-03-22,148500.0,0.0,829500.0
2015-03-23,416800.0,223600.0,1281300.0
2015-03-24,99300.0,366500.0,1601900.0
2015-03-25,144200.0,276900.0,1387500.0
2015-03-26,159300.0,64300.0,1517000.0
2015-03-27,170700.0,0.0,1866000.0
2015-03-28,72400.0,0.0,1579000.0
2015-03-29,171300.0,0.0,1324700.0
2015-03-30,189900.0,300100.0,514600.0
2015-03-31,901000.0,320100.0,2046800.0
2015-04-01,731000.0,1350800.0,1501800.0
2015-04-02,744100.0,1071700.0,1491600.0
2015-04-03,235800.0,1053100.0,2113000.0
2015-04-04,150100.0,144700.0,2579700.0
2015-04-05,193900.0,400.0,1596800.0
2015-04-06,59400.0,655800.0,1312900.0
2015-04-07,196300.0,683300.0,1857300.0
2015-04-08,169100.0,448800.0,1871000.0
2015-04-09,142900.0,394700.0,1579000.0
2015-04-10,155500.0,571800.0,1665700.0
2015-04-11,36100.0,26000.0,1439900.0
2015-04-12,59700.0,0.0,1169700.0
2015-04-13,141100.0,416300.0,1240800.0
2015-04-14,95600.0,294300.0,949500.0
2015-04-15,561800.0,278700.0,1285000.0
2015-04-16,156300.0,544000.0,1670000.0
2015-04-17,369800.0,608900.0,2920900.0
2015-04-18,160800.0,171300.0,1492200.0
2015-04-19,181600.0,0.0,1447800.0
2015-04-20,124000.0,518600.0,2080100.0
2015-04-21,104900.0,197200.0,1365100.0
2015-04-22,275300.0,281500.0,1709000.0
2015-04-23,137800.0,220800.0,1687700.0
2015-04-24,283000.0,304900.0,1394800.0
2015-04-25,44500.0,47700.0,976100.0
2015-04-26,74000.0,33300.0,2430400.0
2015-04-27,160700.0,423900.0,1120000.0
2015-04-28,78600.0,927100.0,1451100.0
2015-04-29,635900.0,1115200.0,1407800.0
2015-04-30,471200.0,638500.0,2287600.0
2015-05-01,77400.0,0.0,1201800.0
2015-05-02,228200.0,1500.0,1390100.0
2015-05-03,145100.0,0.0,1169400.0
2015-05-04,15900.0,0.0,641800.0
2015-05-05,572300.0,471600.0,291500.0
2015-05-06,181500.0,506000.0,2634400.0
2015-05-07,143500.0,248400.0,1095600.0
2015-05-08,96200.0,308000.0,411200.0
2015-05-09,33300.0,0.0,0.0
2015-05-10,39700.0,0.0,834800.0
2015-05-11,300.0,116000.0,855800.0
2015-05-12,229200.0,227000.0,1250200.0
2015-05-13,149600.0,466200.0,1981200.0
2015-05-14,236400.0,374500.0,1511000.0
2015-05-15,698700.0,681400.0,1210200.0
2015-05-16,348900.0,215100.0,1342700.0
2015-05-17,265700.0,2000.0,809300.0
2015-05-18,166500.0,519100.0,1253100.0
2015-05-19,269100.0,351900.0,1365100.0
2015-05-20,194800.0,593900.0,1301900.0
2015-05-21,109300.0,218100.0,865000.0
2015-05-22,250000.0,317800.0,1223800.0
2015-05-23,135600.0,82700.0,1311900.0
2015-05-24,31800.0,0.0,1004200.0
2015-05-25,31200.0,418300.0,1205700.0
2015-05-26,162800.0,428500.0,1396700.0
2015-05-27,110300.0,251300.0,932000.0
2015-05-28,194700.0,756700.0,1059400.0
2015-05-29,266700.0,1813500.0,1454400.0
2015-05-30,241800.0,94000.0,1074200.0
2015-05-31,211500.0,0.0,993800.0
2015-06-01,180200.0,691100.0,1361200.0
2015-06-02,227000.0,339700.0,751800.0
2015-06-03,190300.0,284000.0,182500.0
2015-06-04,239000.0,446000.0,0.0
2015-06-05,208600.0,556600.0,0.0
2015-06-06,113100.0,86800.0,1266500.0
2015-06-07,42800.0,8300.0,464600.0
2015-06-08,32200.0,268600.0,610000.0
2015-06-09,74200.0,248800.0,0.0
2015-06-10,265000.0,354700.0,55000.0
2015-06-11,138700.0,283000.0,2068700.0
2015-06-12,120000.0,0.0,1519800.0
2015-06-13,40500.0,37200.0,1064300.0
2015-06-14,17500.0,47900.0,0.0
2015-06-15,365100.0,407100.0,0.0
2015-06-16,359700.0,147300.0,0.0
2015-06-17,283900.0,586000.0,1440700.0
2015-06-18,116000.0,179500.0,1409400.0
2015-06-19,283500.0,424200.0,1641300.0
2015-06-20,92500.0,86700.0,1578300.0
2015-06-21,135500.0,157500.0,1473600.0
2015-06-22,144200.0,469400.0,852500.0
2015-06-23,434800.0,379200.0,1642000.0
2015-06-24,152900.0,226300.0,945000.0
2015-06-25,179200.0,162800.0,1775300.0
2015-06-26,384600.0,285000.0,2243300.0
2015-06-27,35800.0,43700.0,1414800.0
2015-06-28,62900.0,23000.0,975000.0
2015-06-29,106100.0,350900.0,1060000.0
2015-06-30,998100.0,671300.0,1409000.0
2015-07-01,749500.0,1179100.0,1324800.0
2015-07-02,497400.0,359000.0,1811700.0
2015-07-03,348600.0,834400.0,1896900.0
2015-07-04,55100.0,49000.0,1798500.0
2015-07-05,116300.0,40100.0,1918700.0
2015-07-06,278900.0,297500.0,1801500.0
2015-07-07,260000.0,239500.0,1479500.0
2015-07-08,282900.0,245300.0,1627400.0
2015-07-09,291200.0,130600.0,2102300.0
2015-07-10,302100.0,172800.0,89600.0
2015-07-11,107800.0,8400.0,1083900.0
2015-07-12,0.0,3300.0,407300.0
2015-07-13,0.0,116300.0,1972200.0
2015-07-14,85600.0,188100.0,1496700.0
2015-07-15,607100.0,449500.0,1821100.0
2015-07-16,298100.0,427200.0,1300000.0
2015-07-17,327900.0,223600.0,2253900.0
2015-07-18,360600.0,112600.0,1427400.0
2015-07-19,45700.0,1000.0,1326100.0
2015-07-20,59700.0,261800.0,1220400.0
2015-07-21,270600.0,153600.0,1168500.0
2015-07-22,117600.0,281900.0,2215200.0
2015-07-23,204700.0,381800.0,1308700.0
2015-07-24,245600.0,167500.0,1294200.0
2015-07-25,45000.0,7500.0,1328300.0
2015-07-26,38600.0,42800.0,1125900.0
2015-07-27,262200.0,260200.0,1324700.0
2015-07-28,111500.0,163000.0,961000.0
2015-07-29,135300.0,137400.0,1165000.0
2015-07-30,137600.0,673300.0,1490700.0
2015-07-31,443600.0,255400.0,2134900.0
2015-08-01,137400.0,135600.0,1335100.0
2015-08-02,42700.0,84700.0,1018700.0
2015-08-03,67200.0,277100.0,1475800.0
2015-08-04,108700.0,224800.0,1458300.0
2015-08-05,168000.0,110600.0,805400.0
2015-08-06,162200.0,193200.0,785400.0
2015-08-07,96900.0,289200.0,1599500.0
2015-08-08,69400.0,2000.0,1415700.0
2015-08-09,48300.0,0.0,1337200.0
2015-08-10,264600.0,63500.0,1604000.0
2015-08-11,58700.0,104000.0,1233000.0
2015-08-12,98300.0,42900.0,1411600.0
2015-08-13,271000.0,195500.0,1504000.0
2015-08-14,437200.0,256700.0,1395800.0
2015-08-15,93500.0,0.0,1484500.0
2015-08-16,140600.0,3500.0,927700.0
2015-08-17,94400.0,131300.0,880000.0
2015-08-18,659900.0,287100.0,775000.0
2015-08-19,574400.0,66800.0,1951300.0
2015-08-20,133200.0,50600.0,1785400.0
2015-08-21,365200.0,46100.0,1778400.0
2015-08-22,78600.0,1000.0,1352400.0
2015-08-23,59500.0,33600.0,1076200.0
2015-08-24,22700.0,111000.0,1281500.0
2015-08-25,128100.0,319300.0,1495700.0
2015-08-26,137800.0,236300.0,1659900.0
2015-08-27,148500.0,53300.0,1414100.0
2015-08-28,110300.0,93800.0,1183900.0
2015-08-29,68400.0,81100.0,932700.0
2015-08-30,66200.0,5300.0,598500.0
2015-08-31,546400.0,669600.0,982200.0
2015-09-01,454400.0,622200.0,2101600.0
2015-09-02,163800.0,204800.0,914600.0
2015-09-03,407200.0,285200.0,1510700.0
2015-09-04,172600.0,513300.0,2103700.0
2015-09-05,119800.0,12000.0,0.0
2015-09-06,108200.0,0.0,1099600.0
2015-09-07,56000.0,613800.0,0.0
2015-09-08,82200.0,559100.0,1061500.0
2015-09-09,135500.0,346000.0,1258400.0
2015-09-10,266300.0,265700.0,1420000.0
2015-09-11,439600.0,520000.0,1350000.0
2015-09-12,103200.0,56000.0,1431700.0
2015-09-13,47600.0,0.0,1504700.0
2015-09-14,684100.0,621500.0,2082100.0
2015-09-15,387100.0,318500.0,1613900.0
2015-09-16,243700.0,358500.0,1372000.0
2015-09-17,468200.0,655500.0,242200.0
2015-09-18,58800.0,461200.0,1792800.0
2015-09-19,252600.0,97400.0,1873400.0
2015-09-20,78900.0,0.0,1363600.0
2015-09-21,396100.0,438500.0,1919300.0
2015-09-22,176600.0,319800.0,1385400.0
2015-09-23,72600.0,374400.0,2148100.0
2015-09-24,129900.0,324600.0,1121300.0
2015-09-25,340900.0,349500.0,1437600.0
2015-09-26,245200.0,60500.0,1097100.0
2015-09-27,31600.0,0.0,593400.0
2015-09-28,73600.0,293000.0,0.0
2015-09-29,144700.0,610600.0,0.0
2015-09-30,1552500.0,558700.0,0.0
2015-10-01,699300.0,1332900.0,1514900.0
2015-10-02,619200.0,1202600.0,1742300.0
2015-10-03,273400.0,108000.0,1467100.0
2015-10-04,154900.0,0.0,1538500.0
2015-10-05,180300.0,562000.0,972300.0
2015-10-06,303700.0,889600.0,1734400.0
2015-10-07,260100.0,614300.0,1519600.0
2015-10-08,377400.0,336000.0,1559600.0
2015-10-09,302100.0,566400.0,1711800.0
2015-10-10,199000.0,81600.0,1778600.0
2015-10-11,67200.0,0.0,1167500.0
2015-10-12,238000.0,613100.0,851600.0
2015-10-13,267100.0,441900.0,1612500.0
2015-10-14,162200.0,328300.0,972900.0
2015-10-15,316200.0,455300.0,1242200.0
2015-10-16,335400.0,708200.0,1512000.0
2015-10-17,262900.0,44500.0,1137900.0
2015-10-18,70000.0,2000.0,1073500.0
2015-10-19,193700.0,528600.0,1097600.0
2015-10-20,96000.0,574800.0,1821700.0
2015-10-21,169800.0,392900.0,1306200.0
2015-10-22,330700.0,595400.0,1409800.0
2015-10-23,324300.0,484300.0,2655500.0
2015-10-24,32400.0,57600.0,856000.0
2015-10-25,103500.0,3000.0,1622400.0
2015-10-26,341800.0,608900.0,990100.0
2015-10-27,535400.0,323400.0,1225900.0
2015-10-28,134500.0,459200.0,0.0
2015-10-29,178500.0,0.0,532500.0
2015-10-30,415200.0,0.0,1643700.0
2015-10-31,212800.0,0.0,1388000.0
2015-11-01,166500.0,0.0,1207000.0
2015-11-02,433400.0,0.0,1412900.0
2015-11-03,652600.0,1093400.0,1271800.0
2015-11-04,269400.0,100.0,559100.0
2015-11-05,268600.0,612400.0,1508600.0
2015-11-06,180900.0,678400.0,1471800.0
2015-11-07,157000.0,79000.0,1066900.0
2015-11-08,81000.0,0.0,1016600.0
2015-11-09,175000.0,677000.0,0.0
2015-11-10,170000.0,422000.0,0.0
2015-11-11,194100.0,447100.0,1450400.0
2015-11-12,219400.0,594500.0,1417000.0
2015-11-13,397100.0,554300.0,2535900.0
2015-11-14,298300.0,58000.0,1490500.0
2015-11-15,134100.0,0.0,1621500.0
2015-11-16,111000.0,668900.0,0.0
2015-11-17,155600.0,728100.0,1615000.0
2015-11-18,85200.0,451400.0,1289300.0
2015-11-19,312000.0,534000.0,1829700.0
2015-11-20,166500.0,462500.0,1707100.0
2015-11-21,91400.0,90200.0,1144000.0
2015-11-22,137500.0,1000.0,1743100.0
2015-11-23,188300.0,456800.0,1500600.0
2015-11-24,93200.0,364400.0,1280100.0
2015-11-25,95100.0,254500.0,1095000.0
2015-11-26,230600.0,387400.0,735000.0
2015-11-27,174300.0,424000.0,1675100.0
2015-11-28,181200.0,40000.0,1215200.0
2015-11-29,78100.0,0.0,1174600.0
2015-11-30,638300.0,295000.0,1262600.0
2015-12-01,813700.0,1397200.0,1218400.0
2015-12-02,282700.0,1595400.0,1558000.0
2015-12-03,217000.0,1073000.0,1871700.0
2015-12-04,106100.0,1035400.0,2247000.0
2015-12-05,144100.0,126100.0,1682000.0
2015-12-06,145000.0,33100.0,1212600.0
2015-12-07,280200.0,669600.0,1383700.0
2015-12-08,174400.0,584700.0,1006300.0
2015-12-09,464000.0,508300.0,1115200.0
2015-12-10,331500.0,509300.0,2174500.0
2015-12-11,296500.0,808000.0,1436900.0
2015-12-12,86000.0,146600.0,2135500.0
2015-12-13,87600.0,1000.0,1499200.0
2015-12-14,320000.0,583800.0,1325600.0
2015-12-15,502500.0,698900.0,2390900.0
2015-12-16,234700.0,455500.0,1755100.0
2015-12-17,131400.0,1052700.0,1660000.0
2015-12-18,253100.0,768400.0,2254200.0
2015-12-19,50000.0,116000.0,1710300.0
2015-12-20,101900.0,0.0,0.0
2015-12-21,138100.0,638400.0,1987200.0
2015-12-22,85300.0,312900.0,1723000.0
2015-12-23,470400.0,351600.0,2451200.0
2015-12-24,156300.0,540400.0,2318400.0
2015-12-25,898500.0,798700.0,3050400.0
2015-12-26,538400.0,223300.0,2131800.0
2015-12-27,228500.0,0.0,2600900.0
2015-12-28,476300.0,665200.0,2570200.0
2015-12-29,497900.0,1418000.0,2450600.0
2015-12-30,1107800.0,962500.0,2155000.0
2015-12-31,933800.0,28800.0,1659300.0
2016-01-01,15000.0,0.0,0.0
2016-01-02,114300.0,0.0,1450600.0
2016-01-03,91100.0,0.0,1552700.0
2016-01-04,202600.0,0.0,1414800.0
2016-01-05,99900.0,15900.0,1349800.0
2016-01-06,144800.0,1000.0,0.0
2016-01-07,117400.0,0.0,1433900.0
2016-01-08,114700.0,8900.0,1260800.0
2016-01-09,94200.0,15600.0,864600.0
2016-01-10,87100.0,94400.0,930900.0
2016-01-11,186400.0,477900.0,757000.0
2016-01-12,178400.0,193200.0,1176000.0
2016-01-13,140900.0,644700.0,1424100.0
2016-01-14,403100.0,487900.0,1304000.0
2016-01-15,432100.0,457000.0,1440000.0
2016-01-16,205100.0,79000.0,953500.0
2016-01-17,52900.0,0.0,36100.0
2016-01-18,328400.0,405700.0,864200.0
2016-01-19,459500.0,354800.0,1158700.0
2016-01-20,340100.0,358000.0,1299900.0
2016-01-21,210900.0,210000.0,244100.0
2016-01-22,265800.0,438200.0,0.0
2016-01-23,88600.0,15000.0,1383400.0
2016-01-24,178500.0,0.0,1109400.0
2016-01-25,164700.0,154300.0,1228100.0
2016-01-26,273900.0,136100.0,1380400.0
2016-01-27,266100.0,24000.0,895000.0
2016-01-28,110300.0,53400.0,5000.0
2016-01-29,625600.0,398200.0,0.0
2016-01-30,314000.0,43400.0,0.0
2016-01-31,76300.0,0.0,864800.0
2016-02-01,130800.0,335400.0,1535900.0
2016-02-02,92700.0,124700.0,828400.0
2016-02-03,153600.0,33100.0,1048600.0
2016-02-04,175100.0,116900.0,1015200.0
2016-02-05,213700.0,342500.0,1073100.0
2016-02-06,118500.0,88200.0,1183400.0
2016-02-07,142000.0,1400.0,1380500.0
2016-02-08,170100.0,408600.0,1145900.0
2016-02-09,146000.0,445700.0,998000.0
2016-02-10,106400.0,466700.0,1255600.0
2016-02-11,70400.0,506600.0,1304300.0
2016-02-12,197300.0,184500.0,1873500.0
2016-02-13,117500.0,111400.0,1640700.0
2016-02-14,213500.0,0.0,1118000.0
2016-02-15,195200.0,567000.0,2654400.0
2016-02-16,437400.0,258500.0,2405100.0
2016-02-17,570600.0,466500.0,1576300.0
2016-02-18,407500.0,265800.0,1632600.0
2016-02-19,144600.0,381600.0,1454100.0
2016-02-20,194600.0,215400.0,1525100.0
2016-02-21,60600.0,0.0,1129900.0
2016-02-22,1000.0,27700.0,965300.0
2016-02-23,63500.0,0.0,455000.0
2016-02-24,222100.0,210300.0,1142500.0
2016-02-25,189900.0,357200.0,1264000.0
2016-02-26,138800.0,349200.0,1995000.0
2016-02-27,82900.0,72300.0,1316300.0
2016-02-28,144300.0,2500.0,907100.0
2016-02-29,108700.0,441700.0,1474600.0
2016-03-01,1019400.0,193400.0,2048200.0
2016-03-02,527000.0,676700.0,3249400.0
2016-03-03,378100.0,803600.0,1699200.0
2016-03-04,276700.0,558900.0,2658400.0
2016-03-05,149300.0,3000.0,2013800.0
2016-03-06,219400.0,0.0,1878200.0
2016-03-07,33000.0,0.0,1489200.0
2016-03-08,53200.0,2000.0,1323100.0
2016-03-09,82600.0,287200.0,894300.0
2016-03-10,416600.0,189400.0,1612600.0
2016-03-11,449500.0,279600.0,1735100.0
2016-03-12,85300.0,33700.0,1828800.0
2016-03-13,81100.0,0.0,1108600.0
2016-03-14,227500.0,339700.0,968000.0
2016-03-15,502800.0,221700.0,545000.0
2016-03-16,133000.0,200000.0,0.0
2016-03-17,223800.0,863400.0,1562600.0
2016-03-18,359100.0,510100.0,2557400.0
2016-03-19,230900.0,35800.0,1290400.0
2016-03-20,120600.0,0.0,1141300.0
2016-03-21,173500.0,369700.0,1485400.0
2016-03-22,261100.0,230200.0,1143700.0
2016-03-23,127400.0,157100.0,1394900.0
2016-03-24,547000.0,182000.0,2339500.0
2016-03-25,392900.0,455500.0,1965300.0
2016-03-26,245600.0,16000.0,1248200.0
2016-03-27,86300.0,0.0,1201700.0
2016-03-28,92200.0,220100.0,1175000.0
2016-03-29,134500.0,200400.0,1222600.0
2016-03-30,238900.0,246300.0,1554500.0
2016-03-31,1188300.0,767200.0,765700.0
2016-04-01,615000.0,679900.0,1826000.0
2016-04-02,275800.0,21500.0,1365500.0
2016-04-03,161600.0,3000.0,871800.0
2016-04-04,307900.0,419600.0,1276600.0
2016-04-05,363000.0,336700.0,1604200.0
2016-04-06,250800.0,316100.0,2547700.0
2016-04-07,441400.0,217100.0,1380500.0
2016-04-08,342400.0,411200.0,0.0
2016-04-09,166300.0,36700.0,977600.0
2016-04-10,103400.0,22500.0,1243000.0
2016-04-11,264600.0,231200.0,1858200.0
2016-04-12,19700.0,162100.0,1469500.0
2016-04-13,390700.0,223300.0,1412000.0
2016-04-14,235700.0,438200.0,0.0
2016-04-15,544200.0,480600.0,0.0
2016-04-16,206100.0,74200.0,0.0
2016-04-17,91900.0,400.0,0.0
2016-04-18,200600.0,221700.0,0.0
2016-04-19,232400.0,221800.0,0.0
2016-04-20,312500.0,291700.0,1486500.0
2016-04-21,215100.0,329300.0,1072000.0
2016-04-22,140600.0,116200.0,1986000.0
2016-04-23,84800.0,17600.0,3675500.0
2016-04-24,109800.0,0.0,1430700.0
2016-04-25,72100.0,236800.0,1926000.0
2016-04-26,267000.0,306300.0,1286900.0
2016-04-27,129800.0,258800.0,993300.0
2016-04-28,274600.0,670100.0,1020900.0
2016-04-29,614100.0,724500.0,1384200.0
2016-04-30,164500.0,16400.0,1318400.0
2016-05-01,35900.0,0.0,1010700.0
2016-05-02,0.0,0.0,1526300.0
2016-05-03,80900.0,0.0,1150900.0
2016-05-04,294500.0,364900.0,919400.0
2016-05-05,55200.0,128600.0,997100.0
2016-05-06,375300.0,243300.0,1624000.0
2016-05-07,139200.0,13500.0,968400.0
2016-05-08,53900.0,0.0,629100.0
2016-05-09,0.0,3900.0,1500.0
2016-05-10,103200.0,192400.0,1712700.0
2016-05-11,539100.0,201400.0,1017000.0
2016-05-12,84600.0,235400.0,1006000.0
2016-05-13,300400.0,396600.0,2130000.0
2016-05-14,152000.0,20300.0,1598000.0
2016-05-15,48000.0,0.0,1463100.0
2016-05-16,166800.0,341200.0,1831800.0
2016-05-17,135800.0,356800.0,1027000.0
2016-05-18,873700.0,305400.0,1678000.0
2016-05-19,403200.0,428300.0,1675800.0
2016-05-20,320400.0,486100.0,1726800.0
2016-05-21,147700.0,34700.0,1776800.0
2016-05-22,109800.0,0.0,1146300.0
2016-05-23,83200.0,376400.0,1171700.0
2016-05-24,270600.0,176800.0,1015300.0
2016-05-25,196100.0,230000.0,2204200.0
2016-05-26,138600.0,140700.0,1146000.0
2016-05-27,365100.0,204700.0,1776000.0
2016-05-28,127600.0,57600.0,1245800.0
2016-05-29,89900.0,1000.0,1350700.0
2016-05-30,58200.0,182200.0,227500.0
2016-05-31,456100.0,753200.0,1435000.0
2016-06-01,612900.0,490900.0,1587900.0
2016-06-02,392200.0,200300.0,1459100.0
2016-06-03,285100.0,516100.0,2423900.0
2016-06-04,65500.0,86600.0,1672600.0
2016-06-05,142000.0,0.0,1267100.0
2016-06-06,132800.0,332500.0,1435000.0
2016-06-07,204000.0,180800.0,1530000.0
2016-06-08,236900.0,168500.0,320000.0
2016-06-09,107600.0,88900.0,1722700.0
2016-06-10,202300.0,213900.0,2189600.0
2016-06-11,187700.0,2300.0,612000.0
2016-06-12,125000.0,0.0,0.0
2016-06-13,20100.0,0.0,1586600.0
2016-06-14,301200.0,315900.0,1285400.0
2016-06-15,608200.0,286900.0,1863900.0
2016-06-16,190100.0,512300.0,1734800.0
2016-06-17,174300.0,308100.0,1905800.0
2016-06-18,95900.0,14000.0,1033300.0
2016-06-19,83400.0,9200.0,1324500.0
2016-06-20,201300.0,353900.0,1879000.0
2016-06-21,209200.0,257500.0,1658700.0
2016-06-22,197100.0,99300.0,560700.0
2016-06-23,118800.0,452800.0,1878400.0
2016-06-24,104100.0,305300.0,2235400.0
2016-06-25,52400.0,41400.0,1877300.0
2016-06-26,56000.0,8300.0,1142500.0
2016-06-27,50200.0,224100.0,2555100.0
2016-06-28,286600.0,124300.0,1351800.0
2016-06-29,215100.0,184000.0,1327500.0
2016-06-30,1279200.0,477500.0,1986600.0
2016-07-01,485200.0,543400.0,1929500.0
2016-07-02,102500.0,5800.0,2039800.0
2016-07-03,62900.0,11000.0,1472300.0
2016-07-04,376700.0,80700.0,1466600.0
2016-07-05,309700.0,131300.0,2030000.0
2016-07-06,194100.0,117800.0,2235000.0
2016-07-07,258200.0,114800.0,2797400.0
2016-07-08,446300.0,107000.0,2202100.0
2016-07-09,51200.0,3900.0,1985000.0
2016-07-10,101000.0,3900.0,1411300.0
2016-07-11,297800.0,172500.0,2005400.0
2016-07-12,112200.0,72100.0,1428300.0
2016-07-13,642500.0,66800.0,1439100.0
2016-07-14,167200.0,171500.0,1604800.0
2016-07-15,384100.0,299200.0,2075000.0
2016-07-16,81200.0,400.0,1496700.0
2016-07-17,62600.0,28800.0,1267600.0
2016-07-18,292900.0,133500.0,1138000.0
2016-07-19,287000.0,127700.0,1488500.0
2016-07-20,106200.0,148000.0,0.0
2016-07-21,259700.0,227700.0,0.0
2016-07-22,185900.0,164500.0,0.0
2016-07-23,323900.0,40300.0,1736700.0
2016-07-24,20300.0,12400.0,1236000.0
2016-07-25,141400.0,132000.0,1720100.0
2016-07-26,53400.0,55400.0,1394900.0
2016-07-27,73200.0,74000.0,2223200.0
2016-07-28,174300.0,56000.0,145000.0
2016-07-29,612500.0,96000.0,1785600.0
2016-07-30,562500.0,10900.0,1490800.0
2016-07-31,39400.0,50000.0,1466700.0
2016-08-01,76500.0,161400.0,1721400.0
2016-08-02,162900.0,176300.0,1514400.0
2016-08-03,98900.0,149800.0,1493000.0
2016-08-04,163700.0,34800.0,940000.0
2016-08-05,222600.0,148400.0,2372900.0
2016-08-06,69700.0,8000.0,292200.0
2016-08-07,70700.0,2900.0,0.0
2016-08-08,146900.0,31400.0,0.0
2016-08-09,45100.0,29100.0,0.0
2016-08-10,68000.0,5500.0,0.0
2016-08-11,37100.0,30200.0,0.0
2016-08-12,143000.0,135200.0,0.0
2016-08-13,97600.0,30000.0,1272700.0
2016-08-14,79600.0,3900.0,1190600.0
2016-08-15,266300.0,24700.0,1624800.0
2016-08-16,598000.0,48000.0,1491900.0
2016-08-17,100600.0,23800.0,1310700.0
2016-08-18,498300.0,6900.0,2167800.0
2016-08-19,105100.0,21000.0,1721900.0
2016-08-20,0.0,0.0,1152500.0
2016-08-21,0.0,0.0,1366000.0
2016-08-22,0.0,105800.0,1766000.0
2016-08-23,220300.0,70100.0,1463600.0
2016-08-24,131400.0,59400.0,1675400.0
2016-08-25,264100.0,82000.0,1367800.0
2016-08-26,289400.0,20400.0,1486100.0
2016-08-27,92400.0,0.0,1330800.0
2016-08-28,110600.0,0.0,143900.0
2016-08-29,433800.0,115400.0,1125100.0
2016-08-30,221600.0,6700.0,1234100.0
2016-08-31,686800.0,112800.0,437500.0
2016-09-01,516500.0,260700.0,1512800.0
2016-09-02,230600.0,164900.0,1958600.0
2016-09-03,93900.0,53900.0,1926000.0
2016-09-04,72600.0,0.0,1313600.0
2016-09-05,303100.0,272400.0,1763400.0
2016-09-06,184800.0,299700.0,1749600.0
2016-09-07,215000.0,191100.0,1169400.0
2016-09-08,182800.0,207300.0,2245300.0
2016-09-09,202900.0,235000.0,1836200.0
2016-09-10,202600.0,1700.0,963600.0
2016-09-11,112000.0,0.0,811800.0
2016-09-12,231400.0,70500.0,1841300.0
2016-09-13,285000.0,122400.0,1245700.0
2016-09-14,112500.0,248900.0,1095100.0
2016-09-15,533800.0,271500.0,1735800.0
2016-09-16,198400.0,243800.0,1227600.0
2016-09-17,70300.0,1200.0,1248000.0
2016-09-18,147100.0,0.0,1018100.0
2016-09-19,95400.0,305900.0,1712400.0
2016-09-20,169700.0,519000.0,1165600.0
2016-09-21,67100.0,139500.0,1582400.0
2016-09-22,164900.0,106300.0,1683900.0
2016-09-23,147900.0,198800.0,1633600.0
2016-09-24,73800.0,20700.0,1973300.0
2016-09-25,270200.0,0.0,1300100.0
2016-09-26,128900.0,194000.0,1348700.0
2016-09-27,149300.0,177100.0,1411800.0
2016-09-28,169100.0,183500.0,1577600.0
2016-09-29,164800.0,86100.0,2023500.0
2016-09-30,409800.0,397600.0,300.0
2016-10-01,424000.0,56600.0,2301500.0
2016-10-02,264700.0,0.0,1488500.0
2016-10-03,681100.0,397100.0,1699700.0
2016-10-04,244700.0,191200.0,1196200.0
2016-10-05,314200.0,283600.0,0.0
2016-10-06,768800.0,356800.0,0.0
2016-10-07,383300.0,1400.0,1503700.0
2016-10-08,278900.0,0.0,1729400.0
2016-10-09,397200.0,0.0,1102100.0
2016-10-10,132300.0,0.0,1566600.0
2016-10-11,181500.0,34500.0,2533400.0
2016-10-12,34600.0,0.0,1970400.0
2016-10-13,210100.0,17800.0,1750000.0
2016-10-14,743400.0,9800.0,1606000.0
2016-10-15,369300.0,66900.0,1976400.0
2016-10-16,108300.0,0.0,1556100.0
2016-10-17,429900.0,148000.0,1521400.0
2016-10-18,165300.0,187900.0,1580500.0
2016-10-19,403900.0,187300.0,1544600.0
2016-10-20,246200.0,60500.0,1529300.0
2016-10-21,130400.0,279500.0,1936000.0
2016-10-22,120100.0,88700.0,1856700.0
2016-10-23,0.0,0.0,1420000.0
2016-10-24,92600.0,168600.0,1131500.0
2016-10-25,179000.0,214400.0,2584700.0
2016-10-26,257800.0,157300.0,1239100.0
2016-10-27,143800.0,174300.0,1545700.0
2016-10-28,130600.0,178700.0,1697500.0
2016-10-29,420200.0,31500.0,1433000.0
2016-10-30,280800.0,0.0,1150300.0
2016-10-31,300600.0,167200.0,1257100.0
2016-11-01,593100.0,266800.0,1398500.0
2016-11-02,547600.0,72300.0,961400.0
2016-11-03,360000.0,487500.0,2238600.0
2016-11-04,325800.0,0.0,1411800.0
2016-11-05,176800.0,13900.0,11500.0
2016-11-06,229300.0,0.0,0.0
2016-11-07,213100.0,295000.0,0.0
2016-11-08,211500.0,171300.0,1544800.0
2016-11-09,135800.0,91800.0,1526000.0
2016-11-10,260000.0,110900.0,1750900.0
2016-11-11,134500.0,181200.0,1264200.0
2016-11-12,206200.0,25500.0,1088400.0
2016-11-13,118600.0,0.0,1852400.0
2016-11-14,148300.0,271000.0,1152300.0
2016-11-15,321500.0,363300.0,2000900.0
2016-11-16,478700.0,139000.0,1314400.0
2016-11-17,176200.0,248500.0,1584600.0
2016-11-18,172500.0,591800.0,2107700.0
2016-11-19,150300.0,164800.0,1526100.0
2016-11-20,177900.0,0.0,1051100.0
2016-11-21,46600.0,228000.0,1521200.0
2016-11-22,137400.0,169400.0,1379000.0
2016-11-23,300500.0,172900.0,1250400.0
2016-11-24,94900.0,135000.0,1663500.0
2016-11-25,307600.0,294600.0,2130300.0
2016-11-26,229100.0,64700.0,1482300.0
2016-11-27,96100.0,0.0,1340300.0
2016-11-28,75900.0,339700.0,1001800.0
2016-11-29,137000.0,410800.0,67700.0
2016-11-30,260300.0,185600.0,1616200.0
2016-12-01,569800.0,880200.0,1324100.0
2016-12-02,562400.0,570400.0,2080300.0
2016-12-03,205700.0,79600.0,1627000.0
2016-12-04,109300.0,0.0,1539500.0
2016-12-05,97700.0,0.0,1429600.0
2016-12-06,172000.0,362500.0,1556700.0
2016-12-07,383100.0,262900.0,2069500.0
2016-12-08,508500.0,144200.0,1502400.0
2016-12-09,184700.0,322000.0,2453200.0
2016-12-10,123100.0,198400.0,2020800.0
2016-12-11,76300.0,0.0,1639200.0
2016-12-12,266200.0,382600.0,1855000.0
2016-12-13,177200.0,134700.0,1705000.0
2016-12-14,104800.0,72300.0,1399900.0
2016-12-15,277600.0,424900.0,2136000.0
2016-12-16,342400.0,334300.0,2331000.0
2016-12-17,180700.0,0.0,2638600.0
2016-12-18,386100.0,0.0,1553900.0
2016-12-19,115500.0,498800.0,2123500.0
2016-12-20,228800.0,569500.0,2722100.0
2016-12-21,71700.0,336800.0,2070000.0
2016-12-22,116700.0,307100.0,2078300.0
2016-12-23,373800.0,322800.0,3286000.0
2016-12-24,148200.0,42300.0,2321700.0
2016-12-25,55600.0,1500.0,1942000.0
2016-12-26,206700.0,521200.0,2643400.0
2016-12-27,318000.0,903000.0,2916900.0
2016-12-28,328600.0,258500.0,2855000.0
2016-12-29,1350100.0,565100.0,3131200.0
2016-12-30,705700.0,242500.0,3352500.0
2016-12-31,182400.0,0.0,1206600.0
2017-01-01,0.0,0.0,11500.0
2017-01-02,499500.0,0.0,1716600.0
2017-01-03,295300.0,0.0,125000.0
2017-01-04,541200.0,0.0,0.0
2017-01-05,249800.0,0.0,0.0
2017-01-06,124300.0,0.0,1169100.0
2017-01-07,153100.0,0.0,1230200.0
2017-01-08,54800.0,0.0,1289900.0
2017-01-09,367800.0,127000.0,1720000.0
2017-01-10,650700.0,348600.0,1858000.0
2017-01-11,333000.0,355700.0,1737100.0
2017-01-12,200400.0,241100.0,1544000.0
2017-01-13,480000.0,133500.0,2481100.0
2017-01-14,239600.0,19200.0,1508600.0
2017-01-15,128400.0,74900.0,1266000.0
2017-01-16,541200.0,222600.0,1570000.0
2017-01-17,277400.0,197700.0,1611200.0
2017-01-18,156900.0,154400.0,1556900.0
2017-01-19,683000.0,105100.0,1396700.0
2017-01-20,518300.0,188300.0,1570000.0
2017-01-21,277500.0,19900.0,1725000.0
2017-01-22,181700.0,0.0,730000.0
2017-01-23,191500.0,0.0,1520400.0
2017-01-24,399700.0,0.0,1090600.0
2017-01-25,227900.0,0.0,2118800.0
2017-01-26,274700.0,37600.0,1299000.0
2017-01-27,154900.0,31600.0,1886000.0
2017-01-28,145500.0,12100.0,1280000.0
2017-01-29,148800.0,0.0,960000.0
2017-01-30,217500.0,73900.0,1335000.0
2017-01-31,199500.0,44600.0,2193500.0
2017-02-01,537000.0,287300.0,1975000.0
2017-02-02,494300.0,99100.0,2277300.0
2017-02-03,741100.0,642500.0,2608600.0
2017-02-04,188100.0,3500.0,1166300.0
2017-02-05,121900.0,1200.0,1030000.0
2017-02-06,128100.0,41100.0,1226000.0
2017-02-07,288700.0,324100.0,2820000.0
2017-02-08,128800.0,144200.0,970000.0
2017-02-09,134600.0,176500.0,399400.0
2017-02-10,473000.0,427400.0,2223800.0
2017-02-11,154900.0,60600.0,325300.0
2017-02-12,222300.0,20000.0,424800.0
2017-02-13,140000.0,288000.0,2271900.0
2017-02-14,224500.0,610700.0,845600.0
2017-02-15,378700.0,343400.0,2590400.0
2017-02-16,239400.0,447300.0,1451100.0
2017-02-17,574500.0,370600.0,779500.0
2017-02-18,202900.0,34600.0,0.0
2017-02-19,209800.0,0.0,1072400.0
2017-02-20,397500.0,331100.0,0.0
2017-02-21,361100.0,316500.0,1908900.0
2017-02-22,378000.0,351000.0,2777300.0
2017-02-23,183200.0,10000.0,822000.0
2017-02-24,217000.0,0.0,1407000.0
2017-02-25,241700.0,58200.0,2155800.0
2017-02-26,229800.0,0.0,1608900.0
2017-02-27,156900.0,172400.0,1182300.0
2017-02-28,221700.0,485200.0,1263900.0
2017-03-01,773600.0,553600.0,1856100.0
2017-03-02,1162400.0,928200.0,2080300.0
2017-03-03,328600.0,712300.0,1436300.0
2017-03-04,310800.0,134100.0,260400.0
2017-03-05,327800.0,0.0,1383500.0
2017-03-06,450600.0,301100.0,1516700.0
2017-03-07,249100.0,289700.0,2134200.0
2017-03-08,215000.0,0.0,1871600.0
2017-03-09,389200.0,207200.0,2235800.0
2017-03-10,776500.0,189000.0,2605500.0
2017-03-11,316100.0,88700.0,1263500.0
2017-03-12,181800.0,500.0,1745500.0
2017-03-13,208600.0,290200.0,1112500.0
2017-03-14,121000.0,195300.0,1495100.0
2017-03-15,393200.0,131700.0,1423500.0
2017-03-16,684600.0,132900.0,2212400.0
2017-03-17,272400.0,345700.0,2255200.0
2017-03-18,297400.0,21200.0,1684700.0
2017-03-19,323200.0,0.0,324900.0
2017-03-20,238000.0,657900.0,960800.0
2017-03-21,180600.0,320800.0,1190900.0
2017-03-22,285900.0,298700.0,2336000.0
2017-03-23,237400.0,300400.0,1560100.0
2017-03-24,624100.0,437900.0,1864900.0
2017-03-25,235200.0,39800.0,1873300.0
2017-03-26,233400.0,0.0,1284800.0
2017-03-27,182300.0,527900.0,965700.0
2017-03-28,419100.0,116100.0,589200.0
2017-03-29,322500.0,104600.0,1818700.0
2017-03-30,401500.0,144500.0,1381400.0
2017-03-31,1205600.0,387100.0,2010000.0
2017-04-01,517200.0,57700.0,1676600.0
2017-04-02,246500.0,300.0,861600.0
2017-04-03,539700.0,782200.0,1683800.0
2017-04-04,204500.0,367000.0,1000700.0
2017-04-05,367200.0,243600.0,2360800.0
2017-04-06,473900.0,183000.0,516300.0
2017-04-07,554200.0,325100.0,1533100.0
2017-04-08,154800.0,142500.0,1361200.0
2017-04-09,260300.0,0.0,1539100.0
2017-04-10,651500.0,269800.0,1710200.0
2017-04-11,465500.0,229300.0,1471300.0
2017-04-12,282400.0,255000.0,1812600.0
2017-04-13,468600.0,71000.0,1765900.0
2017-04-14,853600.0,228600.0,1939500.0
2017-04-15,206800.0,30400.0,1868700.0
2017-04-16,116400.0,0.0,1385000.0
2017-04-17,534500.0,411100.0,1551100.0
2017-04-18,357000.0,220600.0,1738300.0
2017-04-19,399900.0,334300.0,1554200.0
2017-04-20,465400.0,187500.0,1255000.0
2017-04-21,238100.0,343200.0,1651000.0
2017-04-22,384900.0,29700.0,1501700.0
2017-04-23,351700.0,0.0,1246100.0
2017-04-24,277700.0,341400.0,1253100.0
2017-04-25,266200.0,374400.0,2498500.0
2017-04-26,447500.0,281800.0,1908000.0
2017-04-27,342400.0,190900.0,1415000.0
2017-04-28,843100.0,615100.0,1726800.0
2017-04-29,510700.0,42600.0,1731400.0
2017-04-30,109400.0,0.0,1349200.0
2017-05-01,17500.0,0.0,1261200.0
2017-05-02,227500.0,337700.0,1992300.0
2017-05-03,355000.0,279300.0,1303500.0
2017-05-04,696200.0,136500.0,1960000.0
2017-05-05,436800.0,405900.0,1948900.0
2017-05-06,169900.0,11600.0,1369000.0
2017-05-07,173300.0,0.0,1538000.0
2017-05-08,100.0,0.0,1114500.0
2017-05-09,104100.0,400.0,5500.0
2017-05-10,464700.0,267000.0,1882300.0
2017-05-11,417700.0,153800.0,1523200.0
2017-05-12,325900.0,261100.0,1675000.0
2017-05-13,208500.0,16000.0,1568500.0
2017-05-14,115500.0,0.0,1387000.0
2017-05-15,176900.0,246900.0,2339500.0
2017-05-16,843800.0,288100.0,1777500.0
2017-05-17,262400.0,167500.0,1445500.0
2017-05-18,820000.0,119900.0,2384500.0
2017-05-19,908000.0,274000.0,1950000.0
2017-05-20,661100.0,80300.0,1466000.0
2017-05-21,216600.0,0.0,1194000.0
2017-05-22,157400.0,340100.0,1110000.0
2017-05-23,349600.0,138000.0,1090000.0
2017-05-24,264500.0,288500.0,1650000.0
2017-05-25,541800.0,346500.0,1150000.0
2017-05-26,186300.0,348800.0,1766900.0
2017-05-27,183700.0,283500.0,2095700.0
2017-05-28,264700.0,0.0,1253600.0
2017-05-29,135000.0,147300.0,1752800.0
2017-05-30,276100.0,96800.0,1869600.0
2017-05-31,615900.0,223500.0,1306700.0
2017-06-01,1022600.0,435300.0,1231300.0
2017-06-02,374800.0,445100.0,2449900.0
2017-06-03,291300.0,57000.0,1567500.0
2017-06-04,170800.0,0.0,1721500.0
2017-06-05,287500.0,235900.0,1265000.0
2017-06-06,391000.0,286000.0,209500.0
2017-06-07,369200.0,195700.0,2037800.0
2017-06-08,420700.0,86000.0,2157600.0
2017-06-09,390700.0,115200.0,2489600.0
2017-06-10,241900.0,62400.0,1539100.0
2017-06-11,94600.0,2000.0,1587600.0
2017-06-12,700.0,0.0,757700.0
2017-06-13,244400.0,482000.0,1478300.0
2017-06-14,422000.0,385000.0,1115000.0
2017-06-15,449800.0,578100.0,1564700.0
2017-06-16,666700.0,537500.0,2076300.0
2017-06-17,73300.0,255800.0,1607400.0
2017-06-18,137600.0,6900.0,1267300.0
2017-06-19,226100.0,287500.0,1785000.0
2017-06-20,319100.0,350300.0,1626800.0
2017-06-21,188100.0,134500.0,2499600.0
2017-06-22,263900.0,254100.0,840000.0
2017-06-23,410100.0,528000.0,2183600.0
2017-06-24,168300.0,36400.0,1714000.0
2017-06-25,88300.0,28400.0,1644700.0
2017-06-26,264000.0,388600.0,1191200.0
2017-06-27,356000.0,375000.0,2359900.0
2017-06-28,185800.0,455800.0,2076100.0
2017-06-29,197700.0,507400.0,2088200.0
2017-06-30,847600.0,457400.0,2574100.0
2017-07-01,281100.0,0.0,1979200.0
2017-07-02,211200.0,0.0,1164800.0
2017-07-03,443900.0,411900.0,2067100.0
2017-07-04,580400.0,210700.0,2730000.0
2017-07-05,279300.0,62300.0,2330000.0
2017-07-06,406800.0,149900.0,2311300.0
2017-07-07,443300.0,226000.0,2041300.0
2017-07-08,185100.0,109900.0,1195100.0
2017-07-09,126300.0,0.0,1699100.0
2017-07-10,349500.0,66600.0,2060000.0
2017-07-11,393400.0,100000.0,2245600.0
2017-07-12,150800.0,89300.0,2150000.0
2017-07-13,165200.0,154300.0,1737900.0
2017-07-14,518000.0,208500.0,2288000.0
2017-07-15,164100.0,400.0,2520500.0
2017-07-16,256400.0,3100.0,1500000.0
2017-07-17,406900.0,294700.0,0.0
2017-07-18,477400.0,171600.0,2067000.0
2017-07-19,203800.0,93400.0,1718500.0
2017-07-20,625400.0,82800.0,2533600.0
2017-07-21,208400.0,76300.0,2009000.0
2017-07-22,257100.0,6700.0,1520400.0
2017-07-23,100600.0,120800.0,1320000.0
2017-07-24,259000.0,315700.0,1437400.0
2017-07-25,243200.0,77400.0,1816100.0
2017-07-26,168600.0,186600.0,1848800.0
2017-07-27,84000.0,95500.0,2065200.0
2017-07-28,271500.0,100500.0,2104200.0
2017-07-29,83500.0,3000.0,1733400.0
2017-07-30,168800.0,0.0,1431400.0
2017-07-31,271500.0,120100.0,1604400.0
2017-08-01,524700.0,402200.0,2718600.0
2017-08-02,304000.0,132200.0,1590000.0
2017-08-03,203800.0,28000.0,2260500.0
2017-08-04,300000.0,23700.0,2414800.0
2017-08-05,110600.0,0.0,2393400.0
2017-08-06,363800.0,0.0,1573400.0
2017-08-07,251300.0,65100.0,0.0
2017-08-08,259200.0,64400.0,0.0
2017-08-09,58300.0,60400.0,0.0
2017-08-10,743600.0,52800.0,2256900.0
2017-08-11,337300.0,55500.0,2919800.0
2017-08-12,96800.0,600.0,1533400.0
2017-08-13,48300.0,0.0,2026900.0
2017-08-14,194300.0,5000.0,1183300.0
2017-08-15,440800.0,83700.0,1920500.0
2017-08-16,197300.0,23200.0,2231200.0
2017-08-17,339500.0,152000.0,2233800.0
2017-08-18,317000.0,28500.0,2675500.0
2017-08-19,40500.0,0.0,1599100.0
2017-08-20,111500.0,100.0,1921100.0
2017-08-21,117500.0,28700.0,2036100.0
2017-08-22,163500.0,15000.0,1519600.0
2017-08-23,181000.0,68600.0,1723900.0
2017-08-24,186900.0,30700.0,1152900.0
2017-08-25,154700.0,52800.0,1838600.0
2017-08-26,103200.0,3300.0,1444000.0
2017-08-27,142900.0,5000.0,959900.0
2017-08-28,119200.0,204900.0,0.0
2017-08-29,231300.0,85700.0,0.0
2017-08-30,203000.0,58700.0,0.0
2017-08-31,755600.0,114900.0,0.0
2017-09-01,405800.0,468000.0,1081500.0
2017-09-02,165900.0,3900.0,1612000.0
2017-09-03,163800.0,0.0,1179400.0
2017-09-04,269200.0,169200.0,1565300.0
2017-09-05,506900.0,164000.0,1450500.0
2017-09-06,325500.0,229100.0,1345500.0
2017-09-07,215100.0,99200.0,1952000.0
2017-09-08,932000.0,135000.0,254900.0
2017-09-09,203600.0,1000.0,0.0
2017-09-10,64200.0,0.0,0.0
2017-09-11,186700.0,395300.0,0.0
2017-09-12,310500.0,226200.0,2026000.0
2017-09-13,184400.0,56700.0,666400.0
2017-09-14,328200.0,209500.0,0.0
2017-09-15,344700.0,346700.0,0.0
2017-09-16,160900.0,29200.0,1750300.0
2017-09-17,198000.0,0.0,1565200.0
