,col_0,col_1,col_2,col_3,col_4,col_5,col_6,col_7,col_8,col_9,col_10,col_11,col_12,col_13,col_14,col_15,col_16,col_17,col_18
0,7970.0,1402.9857509262,8600.0,1000.0,5310.0,753.5,1000.0,7690.0,1123.141,2414.0,6372.0,5330.0,7330.0,1000.0,4530.0,8020.0,987.0,1000.0,1000.0
1,7980.0,1406.4902821317,8600.0,1014.0,5309.0,810.6,1001.0,7700.0,1127.9,2413.0,6388.0,5340.0,7350.0,1004.0,4540.0,7980.0,986.0,1004.0,1004.0
2,8010.0,1422.9084639498,8760.0,1012.0,5308.0,891.2,1003.0,7760.0,1137.4180000000001,2414.0,6345.0,5350.0,7360.0,1006.0,4550.0,7960.0,986.0,1006.0,1006.0
3,8040.0,1417.4357366770998,8760.0,1016.0,5307.0,757.1,1009.0,7920.0,1142.177,2407.0,6346.0,5380.0,7490.0,1016.0,4570.0,7920.0,988.0,1012.0,1018.0
4,8050.0,1417.4357366770998,8760.0,1027.0,5307.0,736.8,1014.0,7890.0,1142.177,2420.0,6301.0,5400.0,7520.0,1020.0,4590.0,7920.0,993.0,1015.0,1018.0
5,8050.0,1417.4357366770998,8760.0,1029.0,5306.0,818.5,1016.0,7910.0,1142.177,2419.0,6289.0,5430.0,7510.0,1021.0,4610.0,7910.0,994.0,1019.0,1019.0
6,8050.0,1428.3811912226001,8760.0,1031.0,5306.0,771.8,1020.0,7900.0,1142.177,2408.0,6299.0,5450.0,7520.0,1019.0,4660.0,7890.0,997.0,1028.0,1021.0
7,8060.0,1444.7993730407998,8760.0,1039.0,5305.0,697.5,1024.0,7930.0,1151.695,2406.0,6258.0,5460.0,7540.0,1022.0,4680.0,7890.0,1002.0,1031.0,1024.0
8,8070.0,1472.1630094044,8760.0,1039.0,5305.0,789.4,1029.0,7980.0,1156.454,2377.0,6258.0,5480.0,7540.0,1025.0,4690.0,7890.0,1011.0,1038.0,1028.0
9,8080.0,1477.6356796808,8760.0,1042.0,5302.0,792.5,1032.0,7830.0,1165.973,2379.0,6246.0,5490.0,7570.0,1030.0,4710.0,7890.0,1015.0,1042.0,1033.0
10,8130.0,1494.053861499,8760.0,1049.0,5301.0,809.6,1038.0,7850.0,1180.25,2379.0,6272.0,5500.0,7580.0,1034.0,4750.0,7930.0,1018.0,1051.0,1038.0
11,8140.0,1515.9447705899,8760.0,1053.0,5301.0,720.6,1040.0,8010.0,1199.286,2377.0,6262.0,5510.0,7590.0,1036.0,4760.0,7920.0,1023.0,1056.0,1035.0
12,8210.0,1537.8356796807998,8810.0,1058.0,5300.0,738.7,1050.0,7860.0,1218.322,2391.0,6296.0,5520.0,7600.0,1037.0,4830.0,7980.0,1024.0,1063.0,1034.0
13,8210.0,1526.8902251354,8830.0,1075.0,5299.0,794.8,1053.0,7900.0,1223.0810000000001,2379.0,6302.0,5530.0,7620.0,1040.0,4870.0,8030.0,1024.0,1066.0,1038.0
14,8220.0,1526.8902251354,8830.0,1080.0,5297.0,928.0,1054.0,8080.0,1223.0810000000001,2387.0,6304.0,5530.0,7630.0,1044.0,4880.0,8040.0,1031.0,1071.0,1042.0
15,8250.0,1532.3629524081,9080.0,1086.0,5296.0,739.4,1057.0,8130.0,1218.322,2379.0,6331.0,5580.0,7680.0,1059.0,4930.0,8060.0,1039.0,1081.0,1060.0
16,8270.0,1543.3084069535998,9080.0,1088.0,5295.0,731.4,1060.0,8140.0,1218.322,2374.0,6333.0,5600.0,7750.0,1065.0,4950.0,8060.0,1039.0,1086.0,1064.0
17,8270.0,1548.7811342263,9080.0,1096.0,5294.0,776.9,1062.0,8030.0,1218.322,2365.0,6344.0,5630.0,7760.0,1069.0,4940.0,8050.0,1042.0,1091.0,1069.0
18,8280.0,1570.6720433172,9080.0,1101.0,5293.0,760.6,1071.0,8050.0,1223.0810000000001,2361.0,6360.0,5640.0,7790.0,1070.0,4960.0,8050.0,1048.0,1093.0,1072.0
19,8280.0,1587.0902251354,9080.0,1099.0,5291.0,729.6,1074.0,8290.0,1227.8410000000001,2360.0,6388.0,5650.0,7800.0,1073.0,4970.0,8040.0,1055.0,1098.0,1085.0
20,8290.0,1587.0902251354,9080.0,1104.0,5290.0,828.2,1078.0,8280.0,1227.8410000000001,2364.0,6422.0,5660.0,7820.0,1078.0,4980.0,8080.0,1055.0,1101.0,1091.0
21,8300.0,1581.6174978626002,9120.0,1106.0,5289.0,788.4,1082.0,8060.0,1232.6,2364.0,6372.0,5680.0,7870.0,1083.0,5010.0,8090.0,1060.0,1107.0,1104.0
22,8290.0,1570.6720433172,9120.0,1111.0,5288.0,885.0,1087.0,8050.0,1232.6,2353.0,6362.0,5700.0,7930.0,1087.0,5040.0,8070.0,1066.0,1112.0,1109.0
23,8310.0,1559.7265887717,9120.0,1110.0,5286.0,804.0,1088.0,8220.0,1227.8410000000001,2363.0,6367.0,5700.0,7940.0,1089.0,5060.0,8060.0,1066.0,1116.0,1110.0
24,8330.0,1548.7811342263,9160.0,1131.0,5286.0,730.7,1103.0,8090.0,1218.322,2365.0,6389.0,5720.0,7970.0,1094.0,5080.0,8000.0,1069.0,1123.0,1117.0
25,8330.0,1532.3629524081,9160.0,1133.0,5285.0,800.0,1108.0,8340.0,1208.8039999999999,2367.0,6381.0,5740.0,8000.0,1099.0,5120.0,7960.0,1079.0,1127.0,1125.0
26,8330.0,1526.8902251354,9190.0,1138.0,5285.0,874.5,1109.0,8390.0,1199.286,2383.0,6374.0,5750.0,8020.0,1104.0,5140.0,7960.0,1084.0,1130.0,1130.0
27,8360.0,1521.4174978626002,9190.0,1144.0,5285.0,712.8,1117.0,8440.0,1180.25,2378.0,6363.0,5790.0,8110.0,1122.0,5150.0,7940.0,1081.0,1139.0,1152.0
28,8360.0,1510.4720433172,9190.0,1151.0,5284.0,782.2,1118.0,8420.0,1165.973,2369.0,6370.0,5830.0,8160.0,1129.0,5180.0,7940.0,1083.0,1146.0,1159.0
29,8360.0,1504.9993160445001,9170.0,1154.0,5284.0,827.5,1118.0,8520.0,1156.454,2380.0,6374.0,5840.0,8170.0,1132.0,5210.0,7890.0,1091.0,1151.0,1163.0
30,8360.0,1504.9993160445001,9180.0,1170.0,5283.0,768.6,1122.0,8510.0,1156.454,2397.0,6382.0,5850.0,8170.0,1132.0,5220.0,7900.0,1090.0,1158.0,1166.0
31,8350.0,1504.9993160445001,9180.0,1175.0,5283.0,790.3,1122.0,8550.0,1156.454,2391.0,6384.0,5870.0,8200.0,1134.0,5260.0,7920.0,1089.0,1165.0,1169.0
32,8350.0,1510.4720433172,9180.0,1180.0,5282.0,839.0,1132.0,8580.0,1156.454,2417.0,6351.0,5890.0,8240.0,1141.0,5290.0,7880.0,1091.0,1169.0,1176.0
33,8340.0,1504.9993160445001,9180.0,1183.0,5282.0,880.9,1142.0,8580.0,1165.973,2418.0,6374.0,5910.0,8320.0,1149.0,5320.0,7850.0,1092.0,1174.0,1185.0
34,8350.0,1499.5265887717,9190.0,1183.0,5281.0,902.9,1151.0,8610.0,1161.214,2426.0,6381.0,5920.0,8370.0,1153.0,5340.0,7850.0,1094.0,1181.0,1195.0
35,8350.0,1488.5811342263,9190.0,1184.0,5281.0,765.4,1152.0,8600.0,1161.214,2393.0,6357.0,5930.0,8380.0,1155.0,5340.0,7850.0,1092.0,1189.0,1197.0
36,8410.0,1488.5811342263,9200.0,1219.0,5280.0,806.4,1163.0,8570.0,1161.214,2387.0,6305.0,5950.0,8390.0,1161.0,5380.0,7830.0,1103.0,1200.0,1202.0
37,8410.0,1488.5811342263,9200.0,1230.0,5280.0,815.7,1167.0,8630.0,1161.214,2394.0,6315.0,5960.0,8420.0,1167.0,5410.0,7780.0,1106.0,1206.0,1209.0
38,8410.0,1488.5811342263,9200.0,1237.0,5279.0,914.8,1168.0,8630.0,1156.454,2397.0,6315.0,5970.0,8410.0,1173.0,5420.0,7780.0,1108.0,1214.0,1221.0
39,8400.0,1488.5811342263,9200.0,1251.0,5278.0,718.6,1171.0,8630.0,1151.695,2404.0,6288.0,6020.0,8680.0,1211.0,5550.0,7720.0,1112.0,1228.0,1263.0
40,8400.0,1494.053861499,9360.0,1268.0,5278.0,758.0,1179.0,8630.0,1156.454,2419.0,6277.0,6040.0,8730.0,1221.0,5580.0,7720.0,1115.0,1237.0,1274.0
41,8400.0,1499.5265887717,9360.0,1278.0,5277.0,780.3,1184.0,8590.0,1156.454,2430.0,6247.0,6060.0,8720.0,1225.0,5580.0,7720.0,1116.0,1248.0,1280.0
42,8400.0,1532.3629524081,9360.0,1291.0,5276.0,747.4,1193.0,8620.0,1175.491,2422.0,6207.0,6060.0,8750.0,1226.0,5600.0,7680.0,1116.0,1264.0,1284.0
43,8380.0,1570.6720433172,9360.0,1300.0,5276.0,752.0,1195.0,8690.0,1199.286,2451.0,6204.0,6070.0,8790.0,1237.0,5630.0,7540.0,1118.0,1272.0,1296.0
44,8430.0,1592.5629524081,9360.0,1308.0,5276.0,782.6,1217.0,8760.0,1218.322,2460.0,6190.0,6080.0,8790.0,1249.0,5620.0,7530.0,1124.0,1285.0,1311.0
45,8420.0,1598.0356796807998,9360.0,1312.0,5275.0,797.5,1232.0,8770.0,1242.118,2469.0,6184.0,6110.0,8810.0,1258.0,5670.0,7510.0,1127.0,1294.0,1322.0
46,8430.0,1614.4538045027,9360.0,1324.0,5274.0,776.5,1240.0,8810.0,1256.395,2474.0,6186.0,6110.0,8830.0,1259.0,5690.0,7530.0,1131.0,1302.0,1317.0
47,8430.0,1641.8174408663,9360.0,1327.0,5274.0,619.3,1240.0,8800.0,1265.913,2485.0,6198.0,6120.0,8860.0,1259.0,5660.0,7530.0,1137.0,1307.0,1314.0
48,8430.0,1669.18107723,9380.0,1350.0,5273.0,717.5,1255.0,8780.0,1289.7089999999998,2485.0,6222.0,6120.0,8850.0,1260.0,5730.0,7560.0,1137.0,1318.0,1316.0
49,8440.0,1685.5992590482,9450.0,1365.0,5272.0,689.6,1256.0,8820.0,1299.2269999999999,2490.0,6164.0,6130.0,8860.0,1267.0,5750.0,7560.0,1137.0,1326.0,1322.0
50,8460.0,1685.5992590482,9450.0,1382.0,5272.0,740.2,1261.0,8820.0,1294.468,2503.0,6181.0,6150.0,8900.0,1272.0,5770.0,7580.0,1142.0,1328.0,1328.0
51,8470.0,1685.5992590482,9450.0,1411.0,5271.0,702.4,1285.0,8810.0,1294.468,2510.0,6207.0,6180.0,9010.0,1293.0,5820.0,7560.0,1148.0,1375.0,1345.0
52,8500.0,1691.0719863209,9450.0,1423.0,5271.0,715.8,1290.0,8810.0,1289.7089999999998,2522.0,6251.0,6210.0,9020.0,1302.0,5840.0,7550.0,1151.0,1386.0,1351.0
53,8490.0,1685.5992590482,9540.0,1418.0,5270.0,631.3,1290.0,8820.0,1284.9489999999998,2529.0,6284.0,6220.0,9020.0,1309.0,5850.0,7550.0,1153.0,1396.0,1355.0
54,8490.0,1685.5992590482,9540.0,1415.0,5269.0,695.7,1302.0,8820.0,1289.7089999999998,2553.0,6318.0,6230.0,9000.0,1309.0,5870.0,7540.0,1158.0,1400.0,1354.0
55,8490.0,1685.5992590482,9540.0,1431.0,5269.0,670.4,1302.0,8860.0,1284.9489999999998,2558.0,6299.0,6240.0,9010.0,1314.0,5860.0,7540.0,1163.0,1404.0,1356.0
56,8500.0,1685.5992590482,9540.0,1452.0,5268.0,750.5,1310.0,8860.0,1275.431,2566.0,6339.0,6270.0,9020.0,1320.0,5870.0,7510.0,1163.0,1410.0,1364.0
57,8520.0,1696.5447135936,9540.0,1460.0,5268.0,734.2,1326.0,8870.0,1270.672,2552.0,6308.0,6280.0,9020.0,1327.0,5890.0,7510.0,1169.0,1419.0,1369.0
58,8530.0,1696.5447135936,9540.0,1477.0,5267.0,732.0,1333.0,8840.0,1265.913,2568.0,6310.0,6260.0,9040.0,1331.0,5920.0,7520.0,1171.0,1423.0,1373.0
59,8530.0,1691.0719863209,9630.0,1480.0,5266.0,614.8,1330.0,8920.0,1270.672,2550.0,6322.0,6270.0,9040.0,1332.0,5880.0,7520.0,1183.0,1429.0,1374.0
60,8520.0,1685.5992590482,9650.0,1496.0,5267.0,659.0,1353.0,8920.0,1261.154,2542.0,6342.0,6280.0,9010.0,1331.0,5910.0,7530.0,1182.0,1435.0,1371.0
61,8530.0,1680.1265317754,9650.0,1508.0,5267.0,657.7,1353.0,8930.0,1265.913,2558.0,6371.0,6300.0,9040.0,1338.0,5940.0,7550.0,1185.0,1440.0,1378.0
62,8540.0,1685.5992590482,9690.0,1512.0,5268.0,707.9,1355.0,9200.0,1265.913,2578.0,6319.0,6320.0,9050.0,1345.0,5970.0,7540.0,1192.0,1449.0,1382.0
63,8550.0,1674.6538045026998,9690.0,1520.0,5268.0,1472.1,1366.0,9210.0,1256.395,2585.0,6285.0,6370.0,9110.0,1367.0,6030.0,7530.0,1191.0,1461.0,1407.0
64,8580.0,1674.6538045026998,9690.0,1526.0,5269.0,649.6,1366.0,9210.0,1251.636,2592.0,6309.0,6390.0,9130.0,1371.0,6030.0,7530.0,1193.0,1470.0,1412.0
65,8580.0,1669.18107723,9690.0,1532.0,5270.0,756.5,1366.0,9240.0,1246.877,2619.0,6263.0,6410.0,9130.0,1372.0,6030.0,7540.0,1198.0,1477.0,1413.0
66,8580.0,1685.5992590482,9690.0,1536.0,5270.0,864.6,1381.0,9270.0,1246.877,2582.0,6274.0,6430.0,9120.0,1367.0,6050.0,7540.0,1206.0,1482.0,1411.0
67,8590.0,1685.5992590482,9690.0,1545.0,5271.0,671.6,1379.0,9270.0,1246.877,2589.0,6282.0,6450.0,9160.0,1369.0,6100.0,7530.0,1211.0,1490.0,1412.0
68,8550.0,1685.5992590482,9690.0,1550.0,5271.0,816.7,1377.0,9290.0,1246.877,2593.0,6268.0,6460.0,9170.0,1373.0,6130.0,7530.0,1215.0,1493.0,1418.0
69,8570.0,1674.6538045026998,9690.0,1555.0,5272.0,837.0,1380.0,9300.0,1242.118,2602.0,6311.0,6490.0,9180.0,1378.0,6120.0,7530.0,1216.0,1497.0,1423.0
70,8570.0,1669.18107723,9710.0,1560.0,5273.0,805.7,1385.0,9330.0,1246.877,2608.0,6320.0,6500.0,9210.0,1379.0,6140.0,7540.0,1219.0,1502.0,1421.0
71,8580.0,1652.7628954118,9710.0,1569.0,5273.0,747.5,1381.0,9290.0,1246.877,2625.0,6334.0,6510.0,9220.0,1381.0,6090.0,7510.0,1222.0,1505.0,1413.0
72,8600.0,1658.2356226845002,9720.0,1592.0,5273.0,783.2,1398.0,9300.0,1256.395,2640.0,6318.0,6540.0,9220.0,1374.0,6110.0,7500.0,1229.0,1511.0,1397.0
73,8610.0,1652.7628954118,9690.0,1598.0,5272.0,820.2,1405.0,9300.0,1256.395,2596.0,6323.0,6540.0,9230.0,1383.0,6140.0,7520.0,1232.0,1518.0,1405.0
74,8620.0,1652.7628954118,9690.0,1613.0,5271.0,923.7,1412.0,9430.0,1261.154,2598.0,6344.0,6580.0,9240.0,1392.0,6160.0,7510.0,1236.0,1525.0,1408.0
75,8630.0,1647.2901681391,9690.0,1621.0,5270.0,833.7,1422.0,9490.0,1256.395,2624.0,6359.0,6640.0,9270.0,1406.0,6150.0,7540.0,1241.0,1540.0,1425.0
76,8630.0,1652.7628954118,9690.0,1626.0,5270.0,810.0,1418.0,9510.0,1256.395,2580.0,6322.0,6660.0,9280.0,1410.0,6160.0,7560.0,1247.0,1545.0,1428.0
77,8640.0,1652.7628954118,9690.0,1627.0,5269.0,879.2,1407.0,9530.0,1256.395,2622.0,6359.0,6680.0,9290.0,1410.0,6170.0,7550.0,1251.0,1553.0,1429.0
78,8660.0,1669.18107723,9690.0,1631.0,5268.0,869.7,1422.0,9340.0,1270.672,2617.0,6308.0,6690.0,9240.0,1406.0,6150.0,7560.0,1251.0,1559.0,1426.0
79,8650.0,1669.18107723,9690.0,1632.0,5268.0,759.5,1426.0,9330.0,1270.672,2623.0,6316.0,6720.0,9270.0,1412.0,6180.0,7570.0,1255.0,1562.0,1432.0
80,8640.0,1674.6538045026998,9690.0,1636.0,5267.0,899.0,1428.0,9360.0,1270.672,2672.0,6332.0,6730.0,9280.0,1418.0,6190.0,7550.0,1261.0,1566.0,1441.0
81,8650.0,1669.18107723,9740.0,1639.0,5267.0,896.1,1430.0,9360.0,1270.672,2649.0,6341.0,6740.0,9300.0,1417.0,6190.0,7530.0,1269.0,1570.0,1441.0
82,8640.0,1663.7083499573,9740.0,1638.0,5266.0,869.3,1434.0,9380.0,1275.431,2667.0,6305.0,6760.0,9310.0,1414.0,6200.0,7540.0,1272.0,1575.0,1440.0
83,8650.0,1658.2356226845002,9740.0,1639.0,5266.0,784.2,1429.0,9350.0,1270.672,2686.0,6289.0,6770.0,9320.0,1418.0,6210.0,7540.0,1276.0,1580.0,1443.0
84,8610.0,1669.18107723,9740.0,1649.0,5267.0,883.2,1424.0,9350.0,1275.431,2665.0,6250.0,6790.0,9330.0,1413.0,6200.0,7540.0,1276.0,1587.0,1435.0
85,8590.0,1663.7083499573,9820.0,1647.0,5268.0,860.7,1428.0,9390.0,1270.672,2688.0,6274.0,6800.0,9330.0,1422.0,6210.0,7530.0,1284.0,1591.0,1443.0
86,8600.0,1658.2356226845002,9800.0,1651.0,5269.0,915.2,1419.0,9400.0,1265.913,2695.0,6301.0,6820.0,9340.0,1426.0,6230.0,7540.0,1289.0,1593.0,1447.0
87,8620.0,1669.18107723,9800.0,1657.0,5270.0,826.4,1422.0,9430.0,1270.672,2693.0,6325.0,6860.0,9370.0,1439.0,6250.0,7570.0,1292.0,1599.0,1465.0
88,8640.0,1669.18107723,9800.0,1660.0,5271.0,823.2,1423.0,9430.0,1270.672,2682.0,6339.0,6870.0,9390.0,1445.0,6280.0,7570.0,1301.0,1605.0,1469.0
89,8630.0,1658.2356226845002,9800.0,1663.0,5272.0,961.8,1424.0,9420.0,1270.672,2692.0,6392.0,6890.0,9420.0,1444.0,6280.0,7580.0,1307.0,1609.0,1470.0
90,8630.0,1669.18107723,9780.0,1666.0,5273.0,900.3,1423.0,9430.0,1261.154,2670.0,6474.0,6900.0,9440.0,1437.0,6250.0,7730.0,1315.0,1614.0,1462.0
91,8630.0,1669.18107723,9800.0,1673.0,5274.0,897.5,1423.0,9420.0,1265.913,2674.0,6480.0,6910.0,9470.0,1444.0,6280.0,7720.0,1320.0,1623.0,1470.0
92,8640.0,1663.7083499573,9810.0,1670.0,5276.0,989.5,1425.0,9460.0,1265.913,2682.0,6422.0,6930.0,9510.0,1447.0,6300.0,7750.0,1322.0,1629.0,1476.0
93,8640.0,1658.2356226845002,9770.0,1681.0,5276.0,1016.4,1410.0,9450.0,1265.913,2659.0,6453.0,6940.0,9510.0,1445.0,6290.0,7750.0,1322.0,1636.0,1478.0
94,8640.0,1663.7083499573,9770.0,1680.0,5277.0,969.3,1409.0,9470.0,1270.672,2682.0,6484.0,6950.0,9510.0,1446.0,6300.0,7750.0,1329.0,1640.0,1479.0
95,8630.0,1658.2356226845002,9770.0,1677.0,5279.0,863.2,1412.0,9480.0,1270.672,2680.0,6495.0,6960.0,9550.0,1453.0,6300.0,7720.0,1329.0,1644.0,1485.0
96,8640.0,1663.7083499573,9780.0,1669.0,5280.0,862.2,1419.0,9440.0,1275.431,2683.0,6532.0,6960.0,9550.0,1452.0,6260.0,7720.0,1333.0,1649.0,1483.0
97,8640.0,1669.18107723,9800.0,1677.0,5281.0,857.3,1420.0,9410.0,1280.19,2705.0,6534.0,6970.0,9570.0,1460.0,6320.0,7740.0,1340.0,1657.0,1492.0
98,8650.0,1658.2356226845002,9800.0,1677.0,5283.0,958.3,1423.0,9450.0,1280.19,2714.0,6565.0,7000.0,9580.0,1467.0,6320.0,7710.0,1346.0,1665.0,1498.0
99,8660.0,1663.7083499573,9840.0,1680.0,5284.0,878.8,1429.0,9440.0,1270.672,2709.0,6533.0,7060.0,9620.0,1478.0,6350.0,7730.0,1351.0,1672.0,1515.0
100,8680.0,1658.2356226845002,9840.0,1686.0,5285.0,893.9,1429.0,9440.0,1270.672,2684.0,6567.0,7070.0,9610.0,1486.0,6350.0,7800.0,1350.0,1677.0,1518.0
101,8670.0,1663.7083499573,9900.0,1692.0,5287.0,953.4,1427.0,9400.0,1270.672,2417.0,6558.0,7090.0,9610.0,1486.0,6350.0,7820.0,1355.0,1672.0,1522.0
102,8690.0,1663.7083499573,9900.0,1698.0,5288.0,846.8,1407.0,9400.0,1270.672,2414.0,6530.0,7100.0,9590.0,1479.0,6370.0,7890.0,1358.0,1678.0,1516.0
103,8720.0,1669.18107723,9900.0,1705.0,5289.0,898.4,1408.0,9350.0,1270.672,2418.0,6495.0,7110.0,9610.0,1487.0,6370.0,7900.0,1362.0,1680.0,1521.0
104,8740.0,1674.6538045026998,9860.0,1712.0,5291.0,936.6,1409.0,9410.0,1275.431,2414.0,6549.0,7120.0,9610.0,1494.0,6390.0,7920.0,1364.0,1684.0,1528.0
105,8830.0,1674.6538045026998,9860.0,1715.0,5292.0,924.4,1405.0,9400.0,1275.431,2413.0,6547.0,7120.0,9630.0,1489.0,6450.0,7890.0,1369.0,1688.0,1521.0
106,8790.0,1674.6538045026998,9860.0,1718.0,5293.0,984.0,1406.0,9410.0,1284.9489999999998,2413.0,6526.0,7140.0,9660.0,1489.0,6470.0,7910.0,1370.0,1690.0,1522.0
107,8800.0,1674.6538045026998,9860.0,1720.0,5295.0,777.2,1406.0,9400.0,1284.9489999999998,2419.0,6492.0,7160.0,9660.0,1498.0,6480.0,7920.0,1370.0,1694.0,1529.0
108,8830.0,1680.1265317754,9910.0,1737.0,5297.0,1061.5,1416.0,9360.0,1294.468,2414.0,6484.0,7170.0,9640.0,1495.0,6460.0,7960.0,1370.0,1701.0,1523.0
109,8850.0,1685.5992590482,9910.0,1742.0,5299.0,1024.2,1417.0,9430.0,1299.2269999999999,2416.0,6495.0,7180.0,9650.0,1502.0,6480.0,8010.0,1372.0,1706.0,1528.0
110,8870.0,1691.0719863209,9930.0,1747.0,5301.0,1144.4,1418.0,9440.0,1299.2269999999999,2416.0,6539.0,7210.0,9640.0,1509.0,6500.0,8020.0,1372.0,1709.0,1533.0
111,8900.0,1696.5447135936,10050.0,1752.0,5304.0,982.8,1413.0,9430.0,1299.2269999999999,2407.0,6522.0,7270.0,9690.0,1521.0,6540.0,8130.0,1374.0,1715.0,1546.0
112,8910.0,1707.4901681391,10060.0,1757.0,5306.0,1076.7,1414.0,9430.0,1299.2269999999999,2402.0,6522.0,7300.0,9710.0,1526.0,6550.0,8180.0,1376.0,1719.0,1548.0
113,8940.0,1712.9628954118,10080.0,1762.0,5309.0,1051.8,1415.0,9420.0,1299.2269999999999,2414.0,6424.0,7300.0,9710.0,1528.0,6550.0,8190.0,1374.0,1729.0,1549.0
114,8990.0,1712.9628954118,10060.0,1773.0,5311.0,1046.8,1415.0,9410.0,1299.2269999999999,2420.0,6414.0,7330.0,9730.0,1520.0,6540.0,8210.0,1366.0,1738.0,1545.0
115,8980.0,1718.4356226845002,10050.0,1786.0,5314.0,910.3,1417.0,9440.0,1299.2269999999999,2408.0,6463.0,7340.0,9740.0,1528.0,6550.0,8190.0,1367.0,1744.0,1551.0
116,8990.0,1734.8537475064002,10060.0,1795.0,5316.0,976.0,1426.0,9440.0,1299.2269999999999,2417.0,6558.0,7360.0,9750.0,1536.0,6570.0,8210.0,1371.0,1747.0,1562.0
117,9000.0,1740.3264747791,10060.0,1801.0,5318.0,1011.0,1419.0,9440.0,1303.986,2419.0,6605.0,7380.0,9760.0,1536.0,6610.0,8230.0,1371.0,1753.0,1564.0
118,9010.0,1745.7992020519,10050.0,1808.0,5320.0,1050.1,1419.0,9450.0,1303.986,2415.0,6612.0,7400.0,9760.0,1537.0,6640.0,8220.0,1370.0,1757.0,1566.0
119,9020.0,1745.7992020519,10050.0,1819.0,5323.0,946.5,1421.0,9340.0,1313.504,2399.0,6644.0,7420.0,9760.0,1542.0,6640.0,8230.0,1376.0,1758.0,1572.0
120,9090.0,1756.7446565973,10060.0,1834.0,5326.0,996.2,1427.0,9330.0,1323.0220000000002,2408.0,6644.0,7410.0,9740.0,1539.0,6640.0,8240.0,1384.0,1763.0,1570.0
121,9100.0,1762.2173838701,10060.0,1846.0,5330.0,1120.9,1430.0,9340.0,1337.299,2404.0,6634.0,7430.0,9750.0,1545.0,6710.0,8240.0,1381.0,1767.0,1577.0
122,9120.0,1756.7446565973,10060.0,1849.0,5333.0,1088.3,1428.0,9330.0,1332.54,2404.0,6619.0,7450.0,9730.0,1549.0,6720.0,8250.0,1390.0,1770.0,1584.0
123,9140.0,1767.6901111427999,10060.0,1856.0,5337.0,1031.2,1434.0,9330.0,1337.299,2406.0,6681.0,7510.0,9760.0,1559.0,6760.0,8280.0,1383.0,1778.0,1593.0
124,9160.0,1767.6901111427999,10080.0,1861.0,5340.0,947.8,1436.0,9350.0,1332.54,2399.0,6719.0,7540.0,9770.0,1564.0,6790.0,8280.0,1380.0,1782.0,1598.0
125,9160.0,1773.1628384155,10100.0,1868.0,5344.0,980.3,1435.0,9340.0,1327.781,2384.0,6741.0,7550.0,9760.0,1567.0,6810.0,8300.0,1385.0,1788.0,1603.0
126,9180.0,1784.108292961,10100.0,1874.0,5347.0,991.5,1438.0,9310.0,1327.781,2377.0,6751.0,7570.0,9750.0,1563.0,6820.0,8340.0,1392.0,1792.0,1604.0
127,9170.0,1784.108292961,10100.0,1883.0,5351.0,920.1,1441.0,9300.0,1327.781,2387.0,6765.0,7570.0,9750.0,1571.0,6850.0,8360.0,1396.0,1795.0,1615.0
128,9180.0,1789.5810202337,10100.0,1882.0,5354.0,1030.9,1459.0,9310.0,1327.781,2378.0,6748.0,7600.0,9750.0,1576.0,6860.0,8420.0,1397.0,1801.0,1625.0
129,9180.0,1789.5810202337,10100.0,1887.0,5358.0,945.6,1462.0,9340.0,1327.781,2379.0,6729.0,7630.0,9770.0,1578.0,6880.0,8470.0,1397.0,1805.0,1628.0
130,9190.0,1800.5264747791,10100.0,1891.0,5361.0,888.0,1463.0,9320.0,1327.781,2381.0,6757.0,7650.0,9760.0,1578.0,6890.0,8530.0,1400.0,1810.0,1630.0
131,9200.0,1805.9992020519,10100.0,1895.0,5365.0,778.6,1463.0,9300.0,1332.54,2376.0,6805.0,7680.0,9760.0,1581.0,6900.0,8550.0,1397.0,1814.0,1635.0
132,9260.0,1816.9446565973,10100.0,1910.0,5368.0,910.0,1465.0,9350.0,1332.54,2379.0,6860.0,7670.0,9770.0,1574.0,6910.0,8650.0,1411.0,1820.0,1628.0
133,9270.0,1816.9446565973,10100.0,1918.0,5371.0,770.3,1467.0,9380.0,1323.0220000000002,2372.0,6885.0,7700.0,9740.0,1583.0,6930.0,8810.0,1407.0,1824.0,1638.0
134,9330.0,1827.8901111428,10380.0,1920.0,5374.0,845.4,1469.0,9380.0,1318.263,2376.0,6918.0,7730.0,9750.0,1587.0,6910.0,8890.0,1406.0,1828.0,1644.0
135,9370.0,1816.9446565973,10380.0,1926.0,5377.0,737.5,1475.0,9440.0,1313.504,2377.0,6937.0,7800.0,9800.0,1602.0,6970.0,8950.0,1409.0,1836.0,1664.0
136,9380.0,1816.9446565973,10340.0,1937.0,5381.0,652.4,1476.0,9440.0,1313.504,2388.0,6915.0,7810.0,9810.0,1610.0,6980.0,9000.0,1413.0,1843.0,1672.0
137,9370.0,1816.9446565973,10340.0,1944.0,5384.0,762.7,1476.0,9470.0,1313.504,2394.0,6944.0,7840.0,9810.0,1608.0,7000.0,9080.0,1412.0,1850.0,1671.0
138,9380.0,1816.9446565973,10340.0,1948.0,5387.0,788.6,1476.0,9440.0,1318.263,2391.0,6918.0,7840.0,9780.0,1601.0,7040.0,9170.0,1415.0,1855.0,1667.0
139,9390.0,1816.9446565973,10340.0,1964.0,5390.0,796.7,1472.0,9440.0,1327.781,2387.0,6901.0,7860.0,9770.0,1607.0,7060.0,9200.0,1416.0,1860.0,1673.0
140,9440.0,1816.9446565973,10340.0,1968.0,5394.0,955.0,1489.0,9450.0,1327.781,2390.0,6871.0,7890.0,9780.0,1614.0,7050.0,9230.0,1421.0,1865.0,1682.0
141,9450.0,1816.9446565973,10340.0,1970.0,5397.0,1052.3,1504.0,9460.0,1327.781,2379.0,6885.0,7910.0,9830.0,1613.0,7070.0,9330.0,1425.0,1869.0,1683.0
142,9460.0,1816.9446565973,10340.0,1970.0,5400.0,846.9,1504.0,9450.0,1327.781,2371.0,6953.0,7920.0,9830.0,1614.0,7070.0,9330.0,1428.0,1874.0,1682.0
143,9490.0,1811.4719293245998,10340.0,1974.0,5403.0,837.4,1505.0,9480.0,1327.781,2383.0,6974.0,7950.0,9830.0,1619.0,7060.0,9310.0,1429.0,1879.0,1680.0
144,9600.0,1816.9446565973,10340.0,1984.0,5407.0,1093.2,1506.0,9500.0,1332.54,2387.0,6935.0,7940.0,9810.0,1612.0,7060.0,9370.0,1429.0,1887.0,1667.0
145,9630.0,1816.9446565973,10340.0,1987.0,5410.0,1157.0,1508.0,9480.0,1337.299,2384.0,6924.0,7960.0,9820.0,1617.0,7040.0,9410.0,1434.0,1892.0,1670.0
146,9660.0,1816.9446565973,10330.0,1996.0,5413.0,1353.7,1511.0,9500.0,1346.817,2388.0,6907.0,7990.0,9810.0,1626.0,7050.0,9400.0,1437.0,1897.0,1677.0
147,9710.0,1816.9446565973,10330.0,2007.0,5416.0,1237.7,1515.0,9520.0,1342.058,2379.0,6897.0,8090.0,9830.0,1637.0,7050.0,9390.0,1436.0,1906.0,1691.0
148,9730.0,1816.9446565973,10330.0,2015.0,5420.0,1124.8,1514.0,9520.0,1342.058,2378.0,6925.0,8110.0,9850.0,1641.0,7080.0,9430.0,1440.0,1911.0,1695.0
149,9750.0,1811.4719293245998,10330.0,2021.0,5423.0,1276.4,1515.0,9540.0,1337.299,2377.0,6931.0,8130.0,9840.0,1640.0,7060.0,9450.0,1442.0,1916.0,1696.0
150,9750.0,1811.4719293245998,10300.0,2026.0,5426.0,1192.4,1517.0,9560.0,1337.299,2374.0,6957.0,8160.0,9820.0,1634.0,7080.0,9400.0,1442.0,1921.0,1691.0
151,9790.0,1805.9992020519,10310.0,2030.0,5429.0,1084.1,1521.0,9570.0,1342.058,2381.0,6955.0,8180.0,9840.0,1638.0,7110.0,9400.0,1445.0,1929.0,1697.0
152,9830.0,1827.8901111428,10320.0,2037.0,5433.0,1240.9,1535.0,9590.0,1342.058,2359.0,6931.0,8220.0,9900.0,1644.0,7120.0,9640.0,1443.0,1928.0,1706.0
153,9800.0,1811.4719293245998,10320.0,2046.0,5436.0,1131.1,1548.0,9590.0,1342.058,2365.0,6896.0,8250.0,9920.0,1644.0,7150.0,9590.0,1444.0,1936.0,1710.0
154,9850.0,1805.9992020519,10320.0,2055.0,5439.0,1206.7,1549.0,9600.0,1342.058,2363.0,6880.0,8260.0,9890.0,1646.0,7160.0,9560.0,1449.0,1937.0,1711.0
155,9950.0,1805.9992020519,10320.0,2060.0,5443.0,1074.2,1554.0,9420.0,1346.817,2366.0,6834.0,8240.0,9890.0,1649.0,7180.0,9680.0,1446.0,1945.0,1718.0
156,9780.0,1816.9446565973,10330.0,2069.0,5446.0,1114.7,1565.0,9490.0,1346.817,2361.0,6835.0,8240.0,9850.0,1641.0,7200.0,9650.0,1442.0,1949.0,1710.0
157,9790.0,1811.4719293245998,10090.0,2071.0,5449.0,1121.6,1565.0,9520.0,1346.817,2366.0,6790.0,8270.0,9900.0,1647.0,7230.0,9620.0,1446.0,1952.0,1720.0
158,9840.0,1827.8901111428,10090.0,2078.0,5453.0,1252.2,1567.0,9550.0,1346.817,2359.0,6794.0,8290.0,9890.0,1653.0,7240.0,9650.0,1448.0,1953.0,1732.0
159,9830.0,1827.8901111428,9520.0,2085.0,5456.0,1108.6,1564.0,9570.0,1346.817,2360.0,6755.0,8340.0,9940.0,1664.0,7290.0,9640.0,1454.0,1959.0,1753.0
160,9910.0,1822.4173838701001,9520.0,2103.0,5460.0,1142.8,1561.0,9560.0,1337.299,2357.0,6817.0,8370.0,9970.0,1668.0,7330.0,9620.0,1455.0,1969.0,1757.0
161,9860.0,1822.4173838701001,9510.0,2105.0,5463.0,1324.5,1564.0,9560.0,1342.058,2355.0,6830.0,8380.0,9980.0,1671.0,7350.0,9610.0,1456.0,1969.0,1761.0
162,9880.0,1833.3628384155,9580.0,2109.0,5466.0,1174.2,1572.0,9540.0,1351.576,2364.0,6869.0,8390.0,9990.0,1664.0,7320.0,9590.0,1458.0,1978.0,1752.0
163,9880.0,1827.8901111428,9710.0,2118.0,5470.0,1086.4,1564.0,9550.0,1356.336,2364.0,6870.0,8400.0,10010.0,1662.0,7330.0,9580.0,1458.0,1981.0,1754.0
164,9930.0,1827.8901111428,9830.0,2121.0,5473.0,1185.8,1583.0,9560.0,1356.336,2363.0,6909.0,8410.0,10030.0,1674.0,7370.0,9610.0,1457.0,1989.0,1768.0
165,9940.0,1844.308292961,9790.0,2128.0,5477.0,1124.9,1583.0,9610.0,1356.336,2364.0,6963.0,8440.0,10030.0,1672.0,7370.0,9600.0,1462.0,1992.0,1766.0
166,9970.0,1844.308292961,9810.0,2138.0,5480.0,1197.9,1585.0,9640.0,1356.336,2357.0,6973.0,8450.0,10040.0,1677.0,7370.0,9620.0,1462.0,1997.0,1771.0
167,9980.0,1838.8355656882002,9680.0,2146.0,5483.0,1041.3,1578.0,9620.0,1356.336,2359.0,6952.0,8460.0,10050.0,1677.0,7400.0,9650.0,1468.0,2005.0,1771.0
168,9940.0,1844.308292961,9690.0,2160.0,5487.0,1315.9,1571.0,9650.0,1356.336,2353.0,6935.0,8500.0,10040.0,1665.0,7430.0,9720.0,1471.0,2012.0,1758.0
169,9940.0,1844.308292961,9820.0,2165.0,5490.0,1299.9,1570.0,9660.0,1361.095,2356.0,6988.0,8530.0,10050.0,1673.0,7420.0,9780.0,1464.0,2014.0,1769.0
170,9980.0,1838.8355656882002,9820.0,2171.0,5493.0,1373.8,1564.0,9680.0,1361.095,2354.0,7029.0,8550.0,10080.0,1680.0,7430.0,9770.0,1458.0,2023.0,1769.0
171,9940.0,1822.4173838701001,9820.0,2186.0,5496.0,1102.1,1568.0,9670.0,1351.576,2363.0,7036.0,8610.0,10120.0,1691.0,7490.0,9840.0,1464.0,2033.0,1779.0
172,9990.0,1816.9446565973,9820.0,2194.0,5499.0,1230.5,1573.0,9670.0,1342.058,2362.0,6999.0,8640.0,10110.0,1704.0,7510.0,9900.0,1468.0,2053.0,1786.0
173,9970.0,1816.9446565973,9930.0,2221.0,5502.0,1280.3,1575.0,9660.0,1346.817,2372.0,6995.0,8630.0,10140.0,1708.0,7500.0,9930.0,1471.0,2060.0,1787.0
174,10010.0,1822.4173838701001,10050.0,2230.0,5506.0,1386.9,1581.0,9640.0,1346.817,2365.0,6975.0,8650.0,10120.0,1695.0,7480.0,10060.0,1472.0,2069.0,1779.0
175,9990.0,1827.8901111428,10050.0,2231.0,5509.0,1173.1,1594.0,9670.0,1346.817,2362.0,6970.0,8660.0,10180.0,1700.0,7490.0,10120.0,1479.0,2076.0,1787.0
176,10040.0,1822.4173838701001,10250.0,2225.0,5512.0,1205.7,1606.0,9710.0,1346.817,2367.0,6967.0,8690.0,10200.0,1707.0,7510.0,10160.0,1490.0,2081.0,1794.0
177,10090.0,1822.4173838701001,10250.0,2232.0,5515.0,1224.1,1618.0,9710.0,1346.817,2367.0,6907.0,8730.0,10220.0,1705.0,7600.0,10190.0,1497.0,2086.0,1790.0
178,10070.0,1827.8901111428,10250.0,2240.0,5518.0,1272.1,1621.0,9700.0,1351.576,2371.0,6905.0,8750.0,10230.0,1702.0,7590.0,10240.0,1493.0,2083.0,1783.0
179,10050.0,1827.8901111428,10250.0,2250.0,5521.0,1038.4,1624.0,9570.0,1356.336,2374.0,6886.0,8770.0,10210.0,1705.0,7620.0,10290.0,1497.0,2087.0,1779.0
180,10100.0,1838.8355656882002,10250.0,2284.0,5524.0,2455.3,1631.0,9630.0,1356.336,2383.0,6882.0,8880.0,10170.0,1703.0,7560.0,10260.0,1502.0,2091.0,1776.0
181,10090.0,1838.8355656882002,10250.0,2284.0,5527.0,2312.4,1635.0,9700.0,1356.336,2381.0,6869.0,8910.0,10190.0,1707.0,7570.0,10320.0,1507.0,2094.0,1781.0
182,10160.0,1833.3628384155,10250.0,2288.0,5530.0,2258.7,1634.0,9740.0,1346.817,2385.0,6865.0,8930.0,10170.0,1714.0,7580.0,10360.0,1513.0,2097.0,1789.0
183,10320.0,1827.8901111428,10250.0,2297.0,5533.0,2322.7,1640.0,9730.0,1351.576,2378.0,6929.0,9010.0,10160.0,1727.0,7590.0,10390.0,1514.0,2103.0,1804.0
184,10340.0,1822.4173838701001,10250.0,2307.0,5536.0,2461.5,1645.0,9700.0,1351.576,2378.0,6952.0,9030.0,10110.0,1730.0,7600.0,10510.0,1518.0,2109.0,1810.0
185,10360.0,1822.4173838701001,10250.0,2316.0,5539.0,2247.7,1649.0,9710.0,1351.576,2371.0,6989.0,9050.0,10070.0,1727.0,7610.0,10550.0,1520.0,2112.0,1812.0
186,10410.0,1827.8901111428,10250.0,2321.0,5542.0,2318.4,1656.0,9670.0,1351.576,2369.0,6966.0,9060.0,10010.0,1721.0,7660.0,10590.0,1526.0,2118.0,1809.0
187,10430.0,1833.3628384155,10250.0,2331.0,5545.0,2477.4,1659.0,9690.0,1351.576,2372.0,6948.0,9090.0,10030.0,1724.0,7690.0,10610.0,1525.0,2123.0,1815.0
188,10440.0,1849.7810202337,10250.0,2350.0,5548.0,2405.2,1679.0,9750.0,1356.336,2372.0,6887.0,9110.0,10030.0,1734.0,7710.0,10620.0,1523.0,2128.0,1828.0
189,10420.0,1838.8355656882002,10250.0,2360.0,5551.0,2322.5,1702.0,9760.0,1356.336,2380.0,6934.0,9140.0,10030.0,1735.0,7810.0,10680.0,1526.0,2127.0,1831.0
190,10470.0,1838.8355656882002,10250.0,2367.0,5554.0,2397.9,1703.0,9770.0,1356.336,2383.0,6948.0,9160.0,10000.0,1737.0,7800.0,10680.0,1531.0,2133.0,1835.0
191,10470.0,1833.3628384155,10250.0,2373.0,5556.0,2549.2,1704.0,9740.0,1356.336,2385.0,6975.0,9170.0,9990.0,1738.0,7820.0,10700.0,1535.0,2138.0,1839.0
192,10440.0,1833.3628384155,10320.0,2422.0,5559.0,2536.9,1718.0,9820.0,1356.336,2397.0,6997.0,9180.0,9910.0,1735.0,7880.0,10760.0,1541.0,2147.0,1838.0
193,10440.0,1827.8901111428,10320.0,2423.0,5561.0,2256.9,1721.0,9820.0,1356.336,2384.0,7010.0,9200.0,9900.0,1744.0,7890.0,10790.0,1548.0,2150.0,1846.0
194,10510.0,1822.4173838701001,10320.0,2423.0,5564.0,2282.0,1722.0,9830.0,1356.336,2388.0,7033.0,9220.0,9900.0,1752.0,7900.0,10830.0,1549.0,2156.0,1853.0
195,10540.0,1816.9446565973,10320.0,2429.0,5567.0,2193.3,1723.0,9750.0,1351.576,2391.0,7005.0,9280.0,9940.0,1765.0,7890.0,10890.0,1555.0,2161.0,1867.0
196,10550.0,1822.4173838701001,10320.0,2445.0,5569.0,2147.3,1727.0,9810.0,1356.336,2406.0,6984.0,9300.0,9910.0,1766.0,7890.0,10890.0,1553.0,2167.0,1868.0
197,10570.0,1827.8901111428,10320.0,2455.0,5572.0,2049.5,1725.0,9840.0,1356.336,2408.0,6966.0,9320.0,9950.0,1764.0,7880.0,10910.0,1558.0,2171.0,1868.0
198,10550.0,1833.3628384155,10320.0,2465.0,5574.0,2116.6,1735.0,9780.0,1361.095,2417.0,6975.0,9340.0,9930.0,1761.0,7910.0,10940.0,1562.0,2176.0,1867.0
199,10540.0,1827.8901111428,10320.0,2471.0,5577.0,2081.0,1740.0,9770.0,1356.336,2418.0,6975.0,9350.0,9940.0,1765.0,7930.0,10940.0,1564.0,2180.0,1871.0
200,10580.0,1827.8901111428,10320.0,2485.0,5579.0,2024.6,1756.0,9770.0,1356.336,2423.0,7053.0,9380.0,9930.0,1772.0,7950.0,10960.0,1570.0,2182.0,1880.0
201,10590.0,1833.3628384155,10320.0,2500.0,5582.0,2878.2,1766.0,9710.0,1356.336,2418.0,7050.0,9390.0,9930.0,1772.0,8050.0,10950.0,1571.0,2189.0,1880.0
202,10610.0,1833.3628384155,10300.0,2511.0,5584.0,2352.9,1766.0,9670.0,1356.336,2420.0,7079.0,9430.0,9910.0,1772.0,8060.0,10940.0,1578.0,2194.0,1881.0
203,10620.0,1827.8901111428,10160.0,2516.0,5587.0,2390.2,1768.0,9660.0,1361.095,2420.0,7085.0,9430.0,9930.0,1776.0,8070.0,10960.0,1575.0,2197.0,1890.0
204,10640.0,1838.8355656882002,10160.0,2553.0,5589.0,2527.1,1778.0,9630.0,1361.095,2426.0,7049.0,9430.0,9880.0,1771.0,8160.0,10970.0,1575.0,2204.0,1886.0
205,10750.0,1833.3628384155,10160.0,2562.0,5592.0,2522.9,1785.0,9600.0,1356.336,2415.0,7077.0,9450.0,9830.0,1777.0,8160.0,10970.0,1576.0,2208.0,1893.0
206,10780.0,1827.8901111428,10160.0,2568.0,5595.0,2528.2,1793.0,9550.0,1351.576,2418.0,6994.0,9460.0,9830.0,1781.0,8180.0,10990.0,1579.0,2214.0,1902.0
207,10820.0,1827.8901111428,10200.0,2579.0,5598.0,2549.6,1800.0,9620.0,1346.817,2393.0,6963.0,9550.0,9880.0,1791.0,8220.0,11010.0,1588.0,2213.0,1916.0
208,10820.0,1827.8901111428,10200.0,2592.0,5601.0,2659.1,1804.0,9620.0,1346.817,2398.0,6955.0,9580.0,9850.0,1797.0,8230.0,10970.0,1592.0,2222.0,1924.0
209,10830.0,1833.3628384155,10200.0,2603.0,5604.0,2611.4,1804.0,9670.0,1346.817,2387.0,7000.0,9590.0,9840.0,1795.0,8250.0,10990.0,1594.0,2229.0,1930.0
210,10880.0,1838.8355656882002,10200.0,2617.0,5606.0,2787.3,1797.0,9660.0,1351.576,2387.0,7112.0,9610.0,9790.0,1789.0,8320.0,11010.0,1595.0,2233.0,1931.0
211,10860.0,1838.8355656882002,10120.0,2627.0,5609.0,2848.9,1799.0,9670.0,1351.576,2391.0,7078.0,9620.0,9740.0,1793.0,8330.0,11050.0,996.0,2236.0,1938.0
212,10840.0,1838.8355656882002,10120.0,2643.0,5612.0,2677.8,1803.0,9710.0,1342.058,2391.0,7061.0,9650.0,9770.0,1794.0,8350.0,11070.0,1003.0,2240.0,1946.0
213,10860.0,1838.8355656882002,10160.0,2649.0,5615.0,2726.1,1817.0,9870.0,1351.576,2394.0,7049.0,9670.0,9780.0,1798.0,8390.0,11110.0,994.0,2244.0,1951.0
214,10870.0,1838.8355656882002,10160.0,2662.0,5618.0,2681.8,1816.0,9830.0,1356.336,2389.0,7061.0,9680.0,9760.0,1801.0,8400.0,11140.0,984.0,2250.0,1955.0
215,10850.0,1838.8355656882002,10160.0,2674.0,5621.0,2685.6,1816.0,9840.0,1356.336,2384.0,7171.0,9690.0,9760.0,1809.0,8410.0,11150.0,989.0,2258.0,1964.0
216,10910.0,1844.308292961,10200.0,2715.0,5623.0,3230.1,1824.0,9890.0,1361.095,2397.0,7145.0,9670.0,9680.0,1798.0,8450.0,11200.0,997.0,2263.0,1952.0
217,10930.0,1844.308292961,10170.0,2721.0,5626.0,3111.3,1824.0,9900.0,1361.095,2397.0,7141.0,9690.0,9750.0,1804.0,8460.0,11290.0,996.0,2267.0,1959.0
218,10950.0,1844.308292961,10120.0,2719.0,5629.0,2933.1,1827.0,9880.0,1361.095,2400.0,7162.0,9720.0,9700.0,1814.0,8480.0,11300.0,1002.0,2273.0,1968.0
219,10960.0,1855.2537475064003,10170.0,2733.0,5632.0,3007.6,1835.0,9870.0,1361.095,2404.0,7186.0,9780.0,9720.0,1824.0,8550.0,11320.0,1003.0,2278.0,1982.0
220,10960.0,1860.7264747791,10210.0,2744.0,5635.0,3205.4,1834.0,9870.0,1365.854,2399.0,7202.0,9790.0,9700.0,1827.0,8570.0,11360.0,1007.0,2284.0,1986.0
221,10950.0,1871.6718723283,10220.0,2765.0,5637.0,2959.3,1840.0,9870.0,1365.854,2409.0,7195.0,9820.0,9680.0,1828.0,8610.0,11400.0,1015.0,2286.0,1988.0
222,10960.0,1871.6718723283,10220.0,2767.0,5640.0,2942.5,1839.0,9920.0,1365.854,2419.0,7116.0,9840.0,9650.0,1827.0,8620.0,11440.0,1013.0,2291.0,1991.0
223,10990.0,1871.6718723283,10250.0,2790.0,5643.0,2612.2,1842.0,9890.0,1370.6129999999998,2412.0,7109.0,9850.0,9650.0,1830.0,8650.0,11480.0,1026.0,2291.0,1995.0
224,11000.0,1877.144599601,10260.0,2800.0,5646.0,2525.7,1853.0,9920.0,1370.6129999999998,2427.0,7078.0,9880.0,9670.0,1837.0,8680.0,11500.0,1032.0,2296.0,2000.0
225,11020.0,1882.6173268737,10260.0,2813.0,5649.0,2152.6,1862.0,9970.0,1375.372,2430.0,7040.0,9910.0,9670.0,1838.0,8700.0,11480.0,1037.0,2308.0,2004.0
226,11030.0,1888.0900541465,10260.0,2832.0,5651.0,2540.3,1864.0,9920.0,1380.131,2433.0,6984.0,9920.0,9690.0,1840.0,8700.0,11470.0,1045.0,2309.0,2005.0
227,11040.0,1899.0355086919,10260.0,2843.0,5654.0,2736.6,1867.0,9940.0,1380.131,2430.0,6949.0,9930.0,9730.0,1845.0,8690.0,11490.0,1051.0,2316.0,2010.0
228,11060.0,1904.5082359647,10260.0,2882.0,5656.0,3603.9,1878.0,9960.0,1384.89,2422.0,6913.0,9890.0,9650.0,1837.0,8710.0,11510.0,1055.0,2318.0,2003.0
229,11110.0,1915.4536905101002,10260.0,2886.0,5658.0,3638.9,1875.0,9930.0,1384.89,2416.0,6804.0,9900.0,9650.0,1844.0,8760.0,11540.0,1059.0,2325.0,2010.0
230,11090.0,1915.4536905101002,10260.0,2896.0,5659.0,3517.4,1879.0,9890.0,1384.89,2432.0,6756.0,9920.0,9640.0,1852.0,8800.0,11540.0,1068.0,2327.0,2020.0
231,11080.0,1915.4536905101002,10340.0,2904.0,5661.0,3412.0,1890.0,9920.0,1389.649,2451.0,6777.0,9970.0,9640.0,1867.0,8760.0,11530.0,1065.0,2332.0,2038.0
232,11090.0,1915.4536905101002,10340.0,2915.0,5663.0,3488.5,1884.0,9950.0,1389.649,2456.0,6812.0,9990.0,9620.0,1878.0,8760.0,11510.0,1069.0,2343.0,2049.0
233,11110.0,1915.4536905101002,10340.0,2929.0,5665.0,3575.9,1893.0,9950.0,1399.1670000000001,2461.0,6855.0,10010.0,9570.0,1884.0,8760.0,11510.0,1068.0,2349.0,2057.0
234,11120.0,1926.3991450556,10340.0,2944.0,5666.0,3446.4,1895.0,10080.0,1399.1670000000001,2460.0,6774.0,10020.0,9520.0,1883.0,8790.0,11500.0,1070.0,2358.0,2056.0
235,11100.0,1937.344599601,10160.0,2952.0,5668.0,3364.1,1895.0,10070.0,1399.1670000000001,2469.0,6729.0,10020.0,9560.0,1889.0,8750.0,11480.0,1075.0,2365.0,2064.0
236,11130.0,1948.2900541464999,10160.0,2964.0,5670.0,3989.6,1915.0,10070.0,1403.9260000000002,2468.0,6750.0,10040.0,9580.0,1892.0,8760.0,11450.0,1078.0,2370.0,2074.0
237,11160.0,1942.8173268737,10160.0,2980.0,5671.0,3612.9,1966.0,10120.0,1403.9260000000002,2469.0,6804.0,10060.0,9580.0,1893.0,8820.0,11450.0,1082.0,2379.0,2075.0
238,11150.0,1942.8173268737,10150.0,3003.0,5673.0,3765.7,1962.0,10050.0,1408.685,2466.0,6824.0,10080.0,9580.0,1900.0,8830.0,11450.0,1084.0,2383.0,2082.0
239,11170.0,1937.344599601,10300.0,3014.0,5675.0,3534.6,1963.0,10010.0,1403.9260000000002,2473.0,6786.0,10100.0,9610.0,1912.0,8850.0,11430.0,1088.0,2391.0,2101.0
240,11220.0,1942.8173268737,10300.0,3038.0,5676.0,719.7,1963.0,10030.0,1408.685,2474.0,6857.0,10070.0,9520.0,1898.0,8840.0,11410.0,1093.0,2393.0,2089.0
241,11230.0,1937.344599601,10300.0,3039.0,5677.0,738.4,1960.0,10010.0,1418.203,2479.0,6831.0,10090.0,9540.0,1907.0,8870.0,11340.0,1102.0,2399.0,2104.0
242,11250.0,1931.8718723282998,10300.0,3048.0,5678.0,847.5,1965.0,10030.0,1418.203,2485.0,6815.0,10120.0,9500.0,1919.0,8910.0,11390.0,1093.0,2403.0,2117.0
243,11260.0,1926.3991450556,10300.0,3062.0,5680.0,751.1,1950.0,10050.0,1418.203,2485.0,6766.0,10220.0,9540.0,1929.0,8970.0,11370.0,1100.0,2415.0,2128.0
244,11240.0,1937.344599601,10300.0,3073.0,5681.0,735.7,1950.0,10060.0,1422.9620000000002,2490.0,6699.0,10250.0,9540.0,1936.0,8980.0,11360.0,1106.0,2418.0,2136.0
245,11260.0,1953.7627814192,10300.0,3094.0,5682.0,859.4,1948.0,10030.0,1427.7220000000002,2490.0,6702.0,10290.0,9570.0,1941.0,9000.0,11420.0,1112.0,2427.0,2147.0
246,11320.0,1959.2355086919001,10300.0,3098.0,5683.0,765.7,1944.0,10010.0,1427.7220000000002,2485.0,6733.0,10310.0,9510.0,1927.0,9030.0,11390.0,1118.0,2436.0,2137.0
247,11340.0,1953.7627814192,10300.0,3114.0,5685.0,625.2,1962.0,10000.0,1437.24,2487.0,6724.0,10320.0,9540.0,1933.0,9040.0,11420.0,1120.0,2441.0,2150.0
248,11340.0,1959.2355086919001,10300.0,3118.0,5686.0,766.1,1980.0,10050.0,1437.24,2490.0,6660.0,10340.0,9600.0,1938.0,9060.0,11410.0,1124.0,2445.0,2155.0
249,11400.0,1959.2355086919001,10300.0,3124.0,5687.0,808.8,2013.0,10050.0,1437.24,2490.0,6653.0,10360.0,9560.0,1946.0,9080.0,11540.0,1129.0,2454.0,2162.0
250,11420.0,1959.2355086919001,10360.0,3133.0,5688.0,763.2,2018.0,10030.0,1437.24,2504.0,6683.0,10380.0,9570.0,1954.0,9120.0,11570.0,1133.0,2470.0,2169.0
251,11430.0,1970.1809632374,10360.0,3143.0,5690.0,730.9,2020.0,10050.0,1437.24,2502.0,6687.0,10400.0,9490.0,1966.0,9080.0,11580.0,1133.0,2485.0,2180.0
252,11550.0,1975.6536905101002,10360.0,3196.0,5691.0,638.8,2028.0,10050.0,1441.999,2503.0,6648.0,10340.0,9460.0,1957.0,9110.0,11650.0,1143.0,2493.0,2168.0
253,11550.0,1986.5991450556,10360.0,3204.0,5693.0,648.8,2020.0,10070.0,1446.7579999999998,2496.0,6706.0,10380.0,9570.0,1973.0,9150.0,11680.0,1153.0,2499.0,2185.0
254,11590.0,1986.5991450556,10360.0,3217.0,5695.0,832.5,2029.0,10080.0,1446.7579999999998,2511.0,6746.0,10400.0,9580.0,1985.0,9180.0,11730.0,1163.0,2502.0,2192.0
255,11580.0,1986.5991450556,10360.0,3227.0,5697.0,734.9,2033.0,10080.0,1451.517,2510.0,6744.0,10480.0,9590.0,2004.0,9180.0,11790.0,1162.0,2517.0,2211.0
256,11630.0,1997.5445426047,10360.0,3245.0,5698.0,677.5,2037.0,10120.0,1456.276,2516.0,6762.0,10520.0,9620.0,2019.0,9190.0,11770.0,1162.0,2527.0,2219.0
257,11630.0,2008.4899971502,10360.0,3262.0,5700.0,748.4,2036.0,10140.0,1465.7939999999999,2520.0,6786.0,10530.0,9680.0,2037.0,9180.0,11820.0,1166.0,2537.0,2233.0
258,11640.0,2013.9627244229,10350.0,3276.0,5702.0,696.9,2025.0,10120.0,1465.7939999999999,2522.0,6799.0,10540.0,9700.0,2033.0,9220.0,11930.0,1170.0,2553.0,2227.0
259,11630.0,2008.4899971502,10360.0,3293.0,5703.0,593.7,2028.0,10100.0,1461.035,2512.0,6784.0,10560.0,9720.0,2040.0,9230.0,11950.0,1169.0,2566.0,2232.0
260,7990.0,2019.4354516956,7740.0,3315.0,5705.0,712.3,2033.0,7790.0,1465.7939999999999,2510.0,6786.0,5110.0,9740.0,2054.0,9240.0,9890.0,1177.0,2575.0,2247.0
261,8050.0,2019.4354516956,7780.0,3336.0,5707.0,672.5,2056.0,7820.0,1465.7939999999999,2529.0,6737.0,5110.0,9750.0,2048.0,9200.0,9870.0,1179.0,2582.0,2238.0
262,8060.0,2030.3809062410999,7800.0,3350.0,5709.0,697.6,2066.0,7880.0,1470.5529999999999,2527.0,6704.0,5110.0,9770.0,2041.0,9220.0,9860.0,1185.0,2590.0,2213.0
263,8120.0,2030.3809062410999,7920.0,3341.0,5710.0,705.3,2053.0,7980.0,1470.5529999999999,2531.0,6678.0,5160.0,9770.0,2033.0,9250.0,9790.0,1189.0,2597.0,2175.0
264,8210.0,2041.3263607865,7900.0,3360.0,5713.0,583.2,2059.0,7960.0,1475.3120000000001,2553.0,6756.0,5190.0,9800.0,2018.0,9290.0,9660.0,1194.0,2599.0,2144.0
265,8260.0,2041.3263607865,7910.0,3361.0,5715.0,671.3,2062.0,7980.0,1475.3120000000001,2552.0,6710.0,5200.0,9800.0,2039.0,9300.0,9570.0,1197.0,2605.0,2155.0
266,8280.0,2052.271815332,7830.0,3366.0,5718.0,808.3,2067.0,7980.0,1484.83,2561.0,6769.0,5210.0,9820.0,2045.0,9310.0,9500.0,1205.0,2609.0,2154.0
267,8300.0,2052.271815332,7800.0,3384.0,5720.0,649.4,2084.0,8010.0,1484.83,2558.0,6753.0,5210.0,9830.0,2055.0,9390.0,9470.0,1209.0,2616.0,2158.0
268,8330.0,2068.6899971502,7830.0,3396.0,5723.0,720.2,2092.0,8040.0,1489.59,2564.0,6742.0,5230.0,9810.0,2070.0,9400.0,9450.0,1215.0,2622.0,2171.0
269,8360.0,2079.6354516956,7780.0,3408.0,5725.0,786.8,2074.0,7960.0,1499.108,2558.0,6676.0,5250.0,9860.0,2075.0,9460.0,9430.0,1218.0,2626.0,2178.0
270,8350.0,2090.5809062411,7910.0,3417.0,5728.0,676.0,2081.0,7950.0,1503.8670000000002,2566.0,6690.0,5270.0,9830.0,2075.0,9410.0,9410.0,1218.0,2626.0,2180.0
271,8350.0,2085.1081789684,7910.0,3429.0,5730.0,653.3,2085.0,8050.0,1503.8670000000002,2569.0,6672.0,5270.0,9850.0,2083.0,9450.0,9370.0,1227.0,2633.0,2193.0
272,8410.0,2090.5809062411,7930.0,3436.0,5733.0,735.4,2090.0,7920.0,1508.626,2564.0,6711.0,5270.0,9840.0,2092.0,9480.0,9370.0,1228.0,2634.0,2205.0
273,8400.0,2101.5263607865,7920.0,3439.0,5735.0,773.8,2124.0,8000.0,1513.385,2552.0,6697.0,5280.0,9900.0,2097.0,9480.0,9350.0,1241.0,2639.0,2210.0
274,8400.0,2117.9444856084,7910.0,3439.0,5737.0,791.1,2118.0,8130.0,1513.385,2557.0,6705.0,5280.0,9870.0,2103.0,9480.0,9320.0,1249.0,2644.0,2217.0
275,8430.0,2128.8899401539,7940.0,3441.0,5740.0,724.5,2123.0,8190.0,1518.144,2571.0,6741.0,5360.0,9920.0,2117.0,9520.0,9320.0,1257.0,2649.0,2231.0
276,8440.0,2139.8353946992997,7930.0,3525.0,5741.0,693.8,2146.0,8220.0,1522.9029999999998,2568.0,6685.0,5380.0,9900.0,2116.0,9490.0,9190.0,1256.0,2661.0,2230.0
277,8490.0,2139.8353946992997,7960.0,3522.0,5742.0,709.4,2137.0,8150.0,1527.662,2566.0,6678.0,5390.0,9930.0,2128.0,9550.0,9150.0,1260.0,2665.0,2242.0
278,8490.0,2145.3081219721,7990.0,3530.0,5743.0,823.6,2139.0,8160.0,1527.662,2559.0,6658.0,5390.0,9890.0,2143.0,9570.0,9110.0,1266.0,2670.0,2259.0
279,8530.0,2134.3626674266,7990.0,3548.0,5744.0,705.2,2174.0,8330.0,1532.421,2550.0,6673.0,5400.0,9910.0,2164.0,9580.0,9070.0,1272.0,2676.0,2281.0
280,8530.0,2139.8353946992997,7970.0,3555.0,5745.0,726.7,2176.0,8320.0,1537.18,2545.0,6680.0,5400.0,9900.0,2172.0,9640.0,9020.0,1277.0,2681.0,2292.0
281,8570.0,2145.3081219721,7840.0,3560.0,5746.0,762.3,2186.0,8160.0,1541.9389999999999,2532.0,6709.0,5440.0,9810.0,2176.0,9640.0,9010.0,1281.0,2687.0,2297.0
282,8570.0,2156.2535765175,7840.0,3571.0,5748.0,669.4,2189.0,8170.0,1546.6979999999999,2542.0,6687.0,5460.0,9810.0,2169.0,9670.0,9000.0,1284.0,2690.0,2288.0
283,8570.0,2145.3081219721,7860.0,3588.0,5749.0,637.5,2183.0,8300.0,1551.4579999999999,2552.0,6682.0,5460.0,9770.0,2177.0,9710.0,9010.0,1285.0,2697.0,2298.0
284,8610.0,2156.2535765175,7960.0,3594.0,5750.0,666.3,2181.0,8190.0,1556.217,2559.0,6702.0,5460.0,9780.0,2185.0,9710.0,8990.0,1293.0,2706.0,2307.0
285,8630.0,2161.7263037903,7980.0,3597.0,5751.0,702.7,2189.0,8360.0,1556.217,2558.0,6732.0,5470.0,9850.0,2190.0,9750.0,8980.0,1286.0,2710.0,2311.0
286,8650.0,2172.6717583357,7980.0,3601.0,5752.0,685.4,2191.0,8400.0,1560.976,2563.0,6699.0,5470.0,9820.0,2202.0,9750.0,8980.0,1287.0,2723.0,2320.0
287,8650.0,2172.6717583357,7970.0,3602.0,5753.0,621.1,2191.0,8440.0,1580.0120000000002,2578.0,6724.0,5560.0,9850.0,2219.0,9770.0,9020.0,1290.0,2727.0,2334.0
288,8600.0,2189.0899401539,7960.0,3705.0,5755.0,616.1,2210.0,8450.0,1584.771,2578.0,96.3,5590.0,9850.0,2226.0,9770.0,9070.0,1299.0,2753.0,2340.0
289,8630.0,2200.0353946993,7960.0,3711.0,5756.0,613.9,2222.0,8530.0,1584.771,2574.0,96.3,5590.0,9830.0,2251.0,9830.0,9100.0,1303.0,2768.0,2363.0
290,8630.0,2205.5081219721,7890.0,3715.0,5757.0,709.0,2224.0,8510.0,1584.771,2589.0,96.4,5590.0,9830.0,2264.0,9830.0,9090.0,1303.0,2775.0,2380.0
291,8640.0,2205.5081219721,7960.0,3720.0,5759.0,624.7,2228.0,8510.0,1580.0120000000002,2585.0,96.5,5600.0,9870.0,2285.0,9840.0,9090.0,1306.0,2779.0,2402.0
292,8640.0,2216.4535765175,7910.0,3729.0,5760.0,686.2,2241.0,8500.0,1589.53,2584.0,96.5,5620.0,9830.0,2294.0,9850.0,9050.0,1313.0,2790.0,2407.0
293,8670.0,2221.9263037903,8010.0,3742.0,5762.0,636.1,2231.0,8530.0,1594.289,2566.0,96.6,5650.0,9840.0,2294.0,9820.0,9010.0,1316.0,2797.0,2405.0
294,8720.0,2221.9263037903,8000.0,3753.0,5763.0,686.1,2238.0,8550.0,1599.0479999999998,2592.0,96.6,5650.0,9850.0,2288.0,9830.0,9040.0,1322.0,2801.0,2398.0
295,8810.0,2227.3990310629997,8000.0,3766.0,5765.0,564.7,2238.0,8520.0,1603.807,2594.0,96.6,5650.0,9830.0,2302.0,9860.0,9030.0,1332.0,2810.0,2413.0
296,8850.0,2221.9263037903,8040.0,3768.0,5766.0,706.4,2252.0,8510.0,1603.807,2606.0,96.6,5650.0,9890.0,2321.0,9930.0,9010.0,1328.0,2818.0,2433.0
297,8920.0,2221.9263037903,8050.0,3766.0,3977.0,701.6,2262.0,8560.0,1603.807,2619.0,96.6,5650.0,9930.0,2322.0,9930.0,8980.0,1333.0,2823.0,2436.0
298,8990.0,2227.3990310629997,8050.0,3770.0,3961.0,699.7,2264.0,8550.0,1599.0479999999998,2606.0,96.5,5670.0,9920.0,2328.0,9970.0,8930.0,1330.0,2830.0,2441.0
299,9010.0,2243.8172128812,8060.0,3765.0,3946.0,658.9,2280.0,8570.0,1603.807,2592.0,96.5,5770.0,9920.0,2337.0,9970.0,8900.0,1337.0,2835.0,2447.0
300,9100.0,2254.7626104303,8070.0,3772.0,3936.0,562.0,2277.0,8580.0,1599.0479999999998,2582.0,96.5,5780.0,9900.0,2322.0,9910.0,8880.0,1340.0,2844.0,2432.0
301,9150.0,2265.7080649758,8070.0,3776.0,3930.0,615.4,2284.0,8570.0,1599.0479999999998,2590.0,96.6,5790.0,9950.0,2342.0,9920.0,8870.0,1340.0,2847.0,2450.0
302,9180.0,2265.7080649758,8070.0,3782.0,3935.0,704.0,2289.0,8590.0,1603.807,2583.0,96.5,5790.0,10010.0,2353.0,9940.0,8820.0,1348.0,2851.0,2462.0
303,9190.0,2260.2353377031,8070.0,3798.0,3931.0,687.9,2298.0,8640.0,1608.566,2589.0,96.5,5790.0,10010.0,2370.0,9950.0,8820.0,1349.0,2859.0,2481.0
304,9290.0,2271.1807922485,8060.0,3808.0,3930.0,701.0,2302.0,8700.0,1613.325,2591.0,96.6,5820.0,9980.0,2370.0,9950.0,8870.0,1354.0,2863.0,2480.0
305,9370.0,2282.126246794,8110.0,3816.0,3935.0,780.2,2304.0,8720.0,1618.085,2601.0,96.6,5860.0,9960.0,2362.0,9970.0,8940.0,1357.0,2876.0,2473.0
306,9400.0,2298.5444286121,8110.0,3824.0,3939.0,812.2,2314.0,8750.0,1622.844,2593.0,96.6,5880.0,9920.0,2363.0,9980.0,8960.0,1367.0,2882.0,2475.0
307,9470.0,2298.5444286121,8110.0,3823.0,3922.0,659.6,2313.0,8740.0,1627.6029999999998,2591.0,96.6,5870.0,9920.0,2372.0,9980.0,8950.0,1370.0,2889.0,2486.0
308,9630.0,2304.0171558848997,8140.0,3834.0,3917.0,769.3,2316.0,8740.0,1632.362,2592.0,96.7,5860.0,9980.0,2384.0,10020.0,8980.0,1377.0,2899.0,2500.0
309,9730.0,2293.0717013394,8160.0,3833.0,3913.0,852.0,2435.0,8740.0,1637.121,2602.0,96.8,5870.0,9990.0,2397.0,10000.0,9000.0,1384.0,2904.0,2514.0
310,9790.0,2309.4898831576,8150.0,3833.0,3922.0,766.6,2435.0,8780.0,1641.88,2603.0,96.8,5890.0,10040.0,2399.0,10020.0,9030.0,1388.0,2911.0,2511.0
311,9870.0,2331.3807922485003,8160.0,3837.0,3931.0,812.0,2440.0,8770.0,1641.88,2610.0,96.8,5930.0,9990.0,2411.0,10000.0,9010.0,1387.0,2918.0,2521.0
312,9800.0,2358.7444286121,8130.0,3863.0,3923.0,863.5,2444.0,8780.0,1646.639,2608.0,96.7,5950.0,9940.0,2400.0,9970.0,9100.0,1380.0,2924.0,2509.0
313,9870.0,2391.5807352522,8140.0,3865.0,3920.0,864.9,2450.0,8780.0,1675.193,2604.0,96.7,5940.0,10030.0,2419.0,10000.0,9220.0,1393.0,2932.0,2528.0
314,9900.0,2429.8898261613,8160.0,3881.0,3926.0,893.7,2453.0,8830.0,1684.711,2606.0,96.8,5960.0,10070.0,2431.0,10030.0,9270.0,1396.0,2938.0,2541.0
315,9960.0,2446.3080079795,8130.0,3892.0,3933.0,886.6,2453.0,8900.0,1694.23,2625.0,96.8,5970.0,10060.0,2439.0,9990.0,9330.0,1400.0,2943.0,2548.0
316,9950.0,2462.7261897977,8140.0,3898.0,3940.0,895.0,2458.0,8930.0,1703.7479999999998,2633.0,96.8,6020.0,10100.0,2444.0,9980.0,9350.0,1402.0,2952.0,2553.0
317,9970.0,2484.6170988885997,8190.0,3905.0,3939.0,975.4,2458.0,8940.0,1713.266,2645.0,96.8,6020.0,10090.0,2440.0,9970.0,9360.0,1406.0,2955.0,2552.0
318,10010.0,2490.0898261613,8180.0,3898.0,3935.0,845.2,2463.0,8930.0,1718.025,2640.0,96.8,5940.0,10070.0,2440.0,9920.0,9380.0,1409.0,2959.0,2552.0
319,10070.0,2572.1806782559,8170.0,3906.0,3937.0,689.5,2462.0,8960.0,1722.7839999999999,2618.0,96.9,5950.0,10060.0,2452.0,9940.0,9390.0,1411.0,2961.0,2565.0
320,10120.0,2561.2352237104997,8370.0,3925.0,3938.0,871.9,2471.0,8930.0,1727.543,2611.0,96.8,5950.0,10050.0,2460.0,9970.0,9400.0,1420.0,2966.0,2575.0
321,10340.0,2561.2352237104997,8400.0,3936.0,3939.0,861.5,2514.0,8940.0,1751.339,2596.0,96.7,5990.0,10100.0,2460.0,9960.0,9390.0,1412.0,2970.0,2574.0
322,10430.0,2572.1806782559,8400.0,3941.0,3932.0,875.1,2516.0,9040.0,1775.134,2628.0,96.8,6000.0,10070.0,2462.0,9950.0,9340.0,1427.0,2975.0,2577.0
323,10450.0,2605.0170418923003,8460.0,3943.0,3938.0,819.3,2521.0,9050.0,1808.4470000000001,2588.0,96.7,6080.0,10050.0,2475.0,9940.0,9310.0,1434.0,2979.0,2591.0
324,10460.0,2681.6351667142003,8450.0,3990.0,3938.0,813.1,2525.0,9140.0,1856.0379999999998,2598.0,96.8,6090.0,9960.0,2465.0,9930.0,9300.0,1440.0,2983.0,2580.0
325,10550.0,2730.8897121687,8480.0,3992.0,3942.0,804.2,2531.0,8960.0,1913.1470000000002,2604.0,96.8,6090.0,9950.0,2482.0,9960.0,9290.0,1446.0,2994.0,2598.0
326,10560.0,2747.3078939869,8510.0,3990.0,3924.0,949.7,2538.0,8970.0,1965.497,2607.0,96.9,6120.0,10000.0,2487.0,9980.0,9290.0,1452.0,3006.0,2605.0
327,10610.0,2769.1987460815003,8500.0,3991.0,3922.0,861.0,2538.0,8990.0,2013.0870000000002,2624.0,96.8,6140.0,10010.0,2496.0,9980.0,9270.0,1452.0,3006.0,2617.0
328,10720.0,2802.0351097178996,8540.0,3998.0,3910.0,1061.8,2537.0,9020.0,2060.678,2587.0,96.8,6170.0,10000.0,2496.0,9960.0,9260.0,1455.0,3013.0,2622.0
329,10820.0,2807.5078369906,8540.0,4007.0,3911.0,1008.4,2547.0,9030.0,2108.269,2581.0,96.7,6190.0,9990.0,2500.0,9980.0,9250.0,1461.0,3021.0,2627.0
330,10860.0,2889.5986890852,8540.0,4007.0,3928.0,893.3,2543.0,9100.0,2151.101,2580.0,96.7,6200.0,10010.0,2494.0,9990.0,9260.0,1463.0,3032.0,2625.0
331,10860.0,2938.8532345398,8530.0,4023.0,3940.0,734.1,2548.0,9080.0,2184.4139999999998,2615.0,96.7,6220.0,9970.0,2502.0,10030.0,9250.0,1468.0,3035.0,2637.0
332,10930.0,2966.2168709034004,8570.0,4014.0,3947.0,896.9,2553.0,9020.0,2198.6910000000003,2623.0,96.6,6280.0,9970.0,2506.0,10030.0,9220.0,1474.0,3042.0,2644.0
333,10960.0,3026.4168139071003,8600.0,4026.0,3955.0,850.5,2603.0,9040.0,2222.487,2622.0,96.7,6280.0,10060.0,2507.0,10040.0,9180.0,1469.0,3050.0,2645.0
334,10980.0,3075.6713593615996,8590.0,4029.0,3960.0,973.0,2597.0,9090.0,2227.246,2597.0,96.9,6320.0,10060.0,2500.0,10070.0,9160.0,1476.0,3055.0,2640.0
335,11030.0,3081.1440866344,8620.0,4031.0,3972.0,937.0,2599.0,9110.0,2241.5229999999997,2612.0,96.9,6470.0,10030.0,2504.0,10050.0,9150.0,1483.0,3061.0,2643.0
336,11090.0,3108.5077229979997,8650.0,4051.0,3980.0,849.3,2594.0,9100.0,2255.8,2617.0,96.9,6480.0,9950.0,2481.0,10070.0,9150.0,1476.0,3058.0,2620.0
337,11090.0,3108.5077229979997,8680.0,4060.0,3992.0,894.1,2612.0,9120.0,2265.3179999999998,2623.0,96.9,6510.0,9940.0,2494.0,10080.0,9150.0,1485.0,3066.0,2635.0
338,11120.0,3097.5622684526,8660.0,4064.0,3999.0,972.1,2611.0,9050.0,2265.3179999999998,2627.0,96.9,6470.0,9970.0,2499.0,10080.0,9160.0,1485.0,3066.0,2642.0
339,11160.0,3119.4531775435,8630.0,4071.0,3994.0,853.6,2618.0,9040.0,2274.8360000000002,2623.0,96.8,6540.0,10050.0,2507.0,10080.0,9240.0,1494.0,3073.0,2652.0
340,11230.0,3141.3440866344,8650.0,4081.0,3996.0,875.4,2620.0,9050.0,2289.114,2632.0,96.9,6560.0,10010.0,2513.0,10090.0,9330.0,1496.0,3080.0,2659.0
341,11250.0,3168.7076660016996,8650.0,4086.0,4007.0,913.0,2615.0,9070.0,2308.15,2646.0,96.9,6530.0,10080.0,2516.0,10090.0,9340.0,1502.0,3083.0,2664.0
342,11330.0,3207.0167569108003,8670.0,4091.0,4010.0,846.5,2626.0,9070.0,2327.186,2672.0,97.0,6570.0,10070.0,2512.0,10080.0,9350.0,1505.0,3086.0,2663.0
343,11420.0,3212.4894841835,8730.0,4092.0,4015.0,721.4,2622.0,9020.0,2355.741,2663.0,97.0,6580.0,10040.0,2523.0,10110.0,9340.0,1511.0,3095.0,2676.0
344,11560.0,3239.8531205471995,8750.0,4091.0,4017.0,869.4,2635.0,9010.0,2370.018,2650.0,97.0,6630.0,10050.0,2518.0,10160.0,9300.0,1512.0,3101.0,2674.0
345,11610.0,3278.16215446,8780.0,4095.0,4016.0,831.8,2654.0,9040.0,2384.295,2649.0,96.9,6630.0,10080.0,2516.0,10160.0,9300.0,1516.0,3104.0,2674.0
346,9220.0,3278.16215446,8760.0,4100.0,4017.0,935.3,2671.0,9070.0,2398.572,2667.0,96.9,6650.0,10120.0,2518.0,10180.0,9260.0,1515.0,3104.0,2676.0
347,9260.0,3283.6348817327003,8860.0,4107.0,4012.0,804.9,2680.0,9080.0,2408.09,2666.0,96.8,6700.0,10120.0,2525.0,10150.0,9220.0,1516.0,3112.0,2686.0
348,9260.0,3289.1076090054,8910.0,4115.0,4018.0,903.3,2678.0,9110.0,2422.368,2667.0,96.8,6680.0,10040.0,2505.0,10160.0,9210.0,1516.0,3118.0,2667.0
